phase,file,line,section,subsection,id,prefix,text,classification
1,phase-1.md,83,Production requirements,,API-001,API,"Construct the application so that shared clients, pools, and other process-scoped resources are initialized in the FastAPI/Starlette lifespan and closed during lifespan teardown. Avoid network calls, client creation, migrations, or expensive initialization as accidental module-import side effects. An application factory is optional, but must be used if multiple differently configured app instances, test isolation, or deferred construction requires it.",STRONGLY RECOMMENDED
1,phase-1.md,84,Production requirements,,API-002,API,"Parse production configuration through typed settings and reject missing, empty, malformed, internally inconsistent, or development-only values before the process becomes ready. Validate origins and URLs structurally, numeric ranges explicitly, and booleans without ambiguous ad hoc string coercion. Do not log secret values.",REQUIRED
1,phase-1.md,85,Production requirements,,API-003,API,"Fail startup when an internal component required to serve any meaningful request cannot initialize. Treat third-party availability as a readiness or degraded-service decision unless that provider is indispensable to every request. Required database connectivity may affect readiness; optional payment, email, image, or messaging providers should not automatically create fleet-wide restart loops.",CONTEXT-DEPENDENT
1,phase-1.md,86,Production requirements,,API-004,API,"On termination, stop accepting new traffic, allow a bounded period for in-flight requests and background tasks to finish, then close resources. Configure the hosting platform’s termination grace period to exceed or align with Uvicorn’s graceful-shutdown timeout.",REQUIRED
1,phase-1.md,87,Production requirements,,API-005,API,"Do not use development reload mode in production. Run Uvicorn under a hosting platform, container orchestrator, or process supervisor that restarts failed processes and supports graceful termination. An additional standalone process manager is not mandatory when the platform already provides equivalent supervision.",REQUIRED
1,phase-1.md,88,Production requirements,,API-006,API,"Choose worker and instance count from measured CPU, memory, latency, connection, and workload behavior. Ensure every worker performs its own lifespan initialization and receives consistent configuration. Prefer one process per container where the orchestrator scales containers; multiple workers in one host are valid when the host does not provide equivalent process-level scaling.",CONTEXT-DEPENDENT
1,phase-1.md,89,Production requirements,,API-007,API,"Set and document Uvicorn keep-alive, concurrency limit, maximum-request recycling if used, and graceful-shutdown timeout. Treat Uvicorn’s concurrency limit as an overload backstop, not a replacement for endpoint-aware rate limiting. Disable or minimize server-identification headers where supported and verify actual edge responses.",STRONGLY RECOMMENDED
1,phase-1.md,90,Production requirements,,API-008,API,"Trust `X-Forwarded-For`, `X-Forwarded-Proto`, or related forwarding metadata only when the immediate network peer is a known proxy address or network. Configure the allowlist from the actual deployment path. Never accept forwarding headers directly from arbitrary public clients, and use `*` only when network isolation guarantees that every direct peer is a sanitizing proxy.",REQUIRED when forwarded headers are consumed
1,phase-1.md,91,Production requirements,,API-009,API,"Define how multiple proxy hops are normalized and which component appends, replaces, or strips forwarding fields. Verify original scheme, host, client IP, path prefix, generated absolute URLs, redirects, and OpenAPI server URLs. Configure ASGI `root_path` or equivalent when the API is mounted below an external prefix.",REQUIRED when deployed behind one or more proxies
1,phase-1.md,92,Production requirements,,API-010,API,"Enforce an explicit production host allowlist at the edge or with Starlette `TrustedHostMiddleware`; include only canonical API domains and deliberate aliases. Handle preview deployments through controlled patterns or separate environment configuration, not an unrestricted wildcard.","STRONGLY RECOMMENDED; REQUIRED if request host influences URL generation, routing, cookies, redirects, or security decisions"
1,phase-1.md,93,Production requirements,,API-011,API,Serve the public API only over HTTPS. Terminate TLS at a managed edge or load balancer unless end-to-end TLS is required by the network model. Redirect HTTP to HTTPS at one authoritative layer. Application-level HTTPS redirects are appropriate only when the application receives a trustworthy original-scheme signal; otherwise they can loop behind TLS termination. Enable HSTS only after the selected host and any included subdomains are consistently HTTPS-capable.,REQUIRED for HTTPS; STRONGLY RECOMMENDED for HSTS after safe rollout
1,phase-1.md,94,Production requirements,,API-012,API,"When browser and API origins differ, allow only exact, reviewed frontend origins; explicitly allow required methods and request headers, including `Authorization` and `Content-Type`; expose only response headers the frontend needs, such as a request ID. Do not accept `null` origins unless a documented client requires them. Dynamic matching must validate against a closed rule and must never reflect an arbitrary origin.",REQUIRED for cross-origin browser access; NOT APPLICABLE for same-origin-only deployments
1,phase-1.md,95,Production requirements,,API-013,API,"Do not set `allow_credentials=True` merely because JavaScript manually sends a bearer token. It is required when cross-origin Fetch uses credentials mode `include`—for example, browser-managed cookies, HTTP authentication, or client certificates. Regardless of credentials mode, `Authorization` must be explicitly allowed because it is a CORS non-wildcard request-header name.",CONTEXT-DEPENDENT
1,phase-1.md,96,Production requirements,,API-014,API,"Establish an explicit security-header policy, with browser-document headers primarily attached to React HTML and interactive API documentation rather than indiscriminately to JSON. At minimum, verify HSTS at the HTTPS edge, `X-Content-Type-Options: nosniff`, cache directives, and removal or minimization of server-identification headers.",STRONGLY RECOMMENDED
1,phase-1.md,97,Production requirements,,API-015,API,"Apply finite request-body, multipart, individual-part, file, field-count, header, URL/query-string, and decoded-content limits before expensive parsing or storage. Use edge/proxy limits for coarse rejection and application/parser limits for endpoint-specific enforcement. Reject oversized content with `413`; use `431` where supported for excessive request headers.",REQUIRED
1,phase-1.md,98,Production requirements,,API-016,API,"Select limits from legitimate use, maximum expected image and JSON sizes, parser memory, downstream provider limits, instance capacity, and abuse cost. Do not adopt one universal numeric limit. Document whether limits apply to compressed bytes, decompressed bytes, each multipart part, aggregate content, and chunked transfers.",REQUIRED control; values are CONTEXT-DEPENDENT
1,phase-1.md,99,Production requirements,,API-017,API,"Bound collection page size, cursor/offset range, search term length and complexity, sort/filter combinations, date ranges, export size, and bulk-operation item counts. Reject or clamp excessive values consistently and document defaults and maximums.","REQUIRED for collection, search, export, and bulk endpoints"
1,phase-1.md,100,Production requirements,,API-018,API,"Define a layered timeout budget for connection establishment, request headers, request body, application processing, database work, and each upstream provider. Configure slow-client/header/body protection at the proxy or hosting edge; Uvicorn keep-alive alone is not a complete slowloris defense. Ensure downstream timeouts are shorter than the caller’s remaining budget.",REQUIRED
1,phase-1.md,101,Production requirements,,API-019,API,"Treat application request cancellation as a normal condition. Ensure cancellation closes response streams and releases database/provider resources. Do not continue irreversible work after client disconnect unless the operation has been deliberately transferred to durable background processing. Use `202 Accepted` only when work has genuinely been accepted but is not complete, with a way to observe outcome where appropriate.",STRONGLY RECOMMENDED
1,phase-1.md,102,Production requirements,,API-020,API,"Apply endpoint-specific abuse controls based on identity and cost: IP or network for unauthenticated traffic; user/token for authenticated traffic; and tighter controls for public search, messaging, content creation, upload initiation, payment initiation, administrative mutations, and authentication-related endpoints. Combine burst and sustained policies where needed.",REQUIRED for abuse-sensitive and resource-expensive flows
1,phase-1.md,103,Production requirements,,API-021,API,"In multi-instance deployments, use a limiter architecture that provides the intended consistency scope. Local per-worker counters may be acceptable only when limits are explicitly approximate. Define limiter failure behavior by endpoint: fail-open can preserve availability for low-risk reads; fail-closed may be justified for costly or high-abuse mutations but creates a limiter-driven denial-of-service risk. Return `429` and an appropriate `Retry-After` when a retry interval is known.",CONTEXT-DEPENDENT
1,phase-1.md,104,Production requirements,,API-022,API,"Return a stable JSON error contract with an HTTP status, machine-readable type or code, safe human-readable message, and request/correlation ID. RFC 9457 Problem Details is a suitable standard form but is not mandatory if an equally stable documented schema is used.",STRONGLY RECOMMENDED
1,phase-1.md,105,Production requirements,,API-023,API,"Install global handlers for request validation, malformed JSON, application exceptions, provider failures, and unexpected exceptions. Never return stack traces, SQL/provider messages, raw exception strings, secret values, or internal filesystem/module details. Log the internal exception separately with the request ID. Ensure debug mode is disabled in production.",REQUIRED
1,phase-1.md,106,Production requirements,,API-024,API,"Distinguish malformed syntax (`400`), syntactically valid but invalid input (`422` where that contract is chosen), unsupported media type (`415`), oversized content (`413`), state conflicts or duplicates (`409`), missing/precondition failures (`404`/`410`/`412`), and transient server or gateway failures (`500`/`502`/`503`/`504`). Conceal resource existence with `404` instead of `403` only where the authorization policy requires it.",REQUIRED for protocol-consistent behavior
1,phase-1.md,107,Production requirements,,API-025,API,Permit only documented HTTP methods. Preserve safe and idempotent semantics: do not make `GET` mutate state; design `PUT` and `DELETE` so repetition has the intended idempotent effect; do not assume `POST` is idempotent without an application-level mechanism. Return `405` with `Allow` for known routes that reject a method.,REQUIRED
1,phase-1.md,108,Production requirements,,API-026,API,Require `Content-Type: application/json` for JSON request bodies and reject unsupported media types with `415`. Honor or explicitly constrain `Accept`; return JSON consistently and consider `406` when the client excludes every supported representation. Multipart upload endpoints must declare and enforce their multipart contract separately.,REQUIRED
1,phase-1.md,109,Production requirements,,API-027,API,Serialize JSON as UTF-8; use RFC 3339 timestamps with an explicit UTC `Z` or numeric offset; define UUIDs as canonical strings; and document nullability. Do not transmit money through binary floating-point where exact decimal semantics matter—use integer minor units or a documented decimal-string representation. Define unknown-field handling explicitly.,STRONGLY RECOMMENDED; exact money representation is CONTEXT-DEPENDENT
1,phase-1.md,110,Production requirements,,API-028,API,"Define response models for every non-streaming JSON endpoint and use them to validate and filter output. Separate input, internal persistence, public response, administrative response, and provider schemas. Reject or deliberately ignore unexpected input fields according to endpoint risk; sensitive mutations should normally reject unknown fields.",REQUIRED for endpoints returning sensitive or user-derived data
1,phase-1.md,111,Production requirements,,API-029,API,"Bound large responses. Use pagination for collections, avoid unbounded in-memory serialization, and use streaming only where the client and proxy timeout/caching behavior is deliberately designed. Enable compression only above a useful minimum size and test latency and memory effects; do not rely on compression as a substitute for response limits.",STRONGLY RECOMMENDED
1,phase-1.md,112,Production requirements,,API-030,API,"Generate or validate a bounded, syntactically safe request ID for every request, return it in the response, and include it in access and application logs. Treat arbitrary client-supplied IDs as untrusted: reject, replace, or normalize malformed and excessive values. Propagate a correlation identifier to downstream calls and durable background work. Full distributed tracing is optional.",STRONGLY RECOMMENDED
1,phase-1.md,113,Production requirements,,API-031,API,"When W3C Trace Context is adopted, parse `traceparent` according to the specification, ignore invalid values, create a new context as required, and avoid placing personal or secret information in `traceparent` or `tracestate`. Do not let a caller force expensive sampling.",CONTEXT-DEPENDENT
1,phase-1.md,114,Production requirements,,API-032,API,"Emit structured access logs containing, as operationally justified, timestamp, method, route template rather than raw sensitive path, status, duration, request ID, trusted client IP, safe pseudonymous user identifier, response size, error category, authentication outcome, and rate-limit outcome. Keep access, application, security, and audit events logically distinct.",STRONGLY RECOMMENDED
1,phase-1.md,115,Production requirements,,API-033,API,"Never log bearer tokens, `Authorization`, cookies, passwords, API or webhook secrets, presigned URLs, full payment data, sensitive request bodies, private-message content, or unnecessary personal data. Sanitize CR/LF and other control characters in untrusted values. Restrict audit events to necessary identifiers and changes, not secret payloads.",REQUIRED
1,phase-1.md,116,Production requirements,,API-034,API,"Set an explicit cache policy for every response class. Prevent shared-cache reuse of user-specific, administrative, inbox, notification, payment, or private-message responses through `private`, `no-store`, appropriate `Vary`, or another demonstrably safe policy. Do not assume that authentication alone always prevents caching, and do not assume every authenticated response requires `no-store`.",REQUIRED
1,phase-1.md,117,Production requirements,,API-035,API,"Use validators such as ETags and conditional requests for cacheable public resources where beneficial. Ensure cache keys vary on every representation-selecting input, including relevant query parameters, `Origin` when CORS output varies, and any negotiated representation. Never place secrets, bearer tokens, or presigned URLs in cache keys that are exposed through dashboards or logs.",CONTEXT-DEPENDENT
1,phase-1.md,118,Production requirements,,API-036,API,"Provide separate liveness and readiness semantics when the hosting platform uses probes. Liveness should answer whether the process/event loop is functioning and should not fail merely because a third party is down. Readiness should answer whether the instance should receive normal traffic, using short, bounded checks only for dependencies necessary to serve that traffic.",REQUIRED when platform routing depends on probes; otherwise STRONGLY RECOMMENDED
1,phase-1.md,119,Production requirements,,API-037,API,"Keep health responses minimal, uncached, and free of secrets, stack traces, connection strings, environment dumps, hostnames, or dependency versions. Protect detailed diagnostics by network restriction or authentication; keep orchestrator probes reachable through their trusted path. Exempt probes from ordinary user quotas only through a non-spoofable source or dedicated internal route.",REQUIRED
1,phase-1.md,120,Production requirements,,API-038,API,"Expose a non-sensitive build/release identifier where operationally useful, but do not publish secret environment configuration or detailed component versions. A version endpoint is not a substitute for an endpoint inventory or software inventory.",CONTEXT-DEPENDENT
1,phase-1.md,121,Production requirements,,API-039,API,"Decide deliberately whether Swagger UI, ReDoc, and OpenAPI JSON are public, authenticated/internal, or disabled. Do not treat hiding documentation as an authorization control. If exposed, ensure schemas omit secrets and internal-only fields, declare bearer security schemes, document error responses and limits, and carry accurate API/release metadata.",CONTEXT-DEPENDENT
1,phase-1.md,122,Production requirements,,API-040,API,"Maintain backward compatibility for deployed clients or coordinate breaking changes atomically. Treat removal or renaming of fields, new required request fields, narrowed enums, changed field types, altered status codes, changed error codes/shapes, and endpoint removal as potentially breaking. Added response fields and enum values can also break strict or exhaustively coded clients and therefore require contract testing.",STRONGLY RECOMMENDED
1,phase-1.md,123,Production requirements,,API-041,API,"Mark deprecated operations and fields in OpenAPI and use the `Deprecation` response header where machine-readable runtime notice is useful. Use `Sunset` only when a retirement time is planned, and communicate migration guidance through documentation or a link. Do not remove an endpoint merely because it was marked deprecated.",CONTEXT-DEPENDENT
1,phase-1.md,124,Production requirements,,API-042,API,"Use URL, header, or media-type versioning only when independent client lifecycles or long-lived incompatible contracts justify it. Operating without an explicit version is acceptable when frontend and backend deployment is tightly coordinated and changes remain compatible.",CONTEXT-DEPENDENT
1,phase-1.md,125,Production requirements,,API-043,API,"Maintain an authoritative inventory of public, authenticated, administrative, health, webhook, documentation, and legacy endpoints, including every deployed hostname and preview environment. Remove or protect obsolete routes and ensure alternate/beta hosts receive the same critical limits and headers.",REQUIRED
1,phase-1.md,126,Production requirements,,API-044,API,"Apply stricter, endpoint-specific controls to messaging, user-content creation, upload initiation/completion, payment initiation, and administrative mutations. Webhooks normally do not require CORS because they are server-to-server, but still require HTTPS, strict media/body limits, timeouts, replay/idempotency policy where applicable, and abuse protection that does not block legitimate provider retries.",REQUIRED for exposed high-cost or sensitive workflows
1,phase-1.md,127,Production requirements,,API-045,API,"Keep HTTP parsers, proxy software, and Uvicorn current; reject ambiguous HTTP/1.1 message framing; ensure the edge and origin agree on `Content-Length` and transfer-coding behavior; and prevent clients from bypassing the canonical proxy to reach an inconsistently parsing origin.",REQUIRED
1,phase-1.md,128,Production requirements,,API-046,API,"Complete an end-to-end production verification suite against the real deployed edge, not only an in-process test client. Include positive, negative, abuse, timeout, cache, proxy-spoofing, shutdown, and documentation-exposure scenarios, and retain sanitized evidence.",STRONGLY RECOMMENDED
2,phase-2.md,61,Firebase authentication requirements,,FBAUTH-001,FBAUTH,"Every protected backend request must verify the presented Firebase **ID token** with the maintained Firebase Admin SDK for the explicitly configured production project. A custom token, refresh token, arbitrary JWT, or merely decoded JWT must not be accepted as an application bearer credential.",`REQUIRED`
2,phase-2.md,62,Firebase authentication requirements,,FBAUTH-002,FBAUTH,"Successful verification must establish that the signature is valid, the signing key is trusted, `aud` matches the intended Firebase project ID, `iss` is the corresponding Secure Token issuer, the token is not expired, `iat` is acceptable, `sub` is nonempty and represents the Firebase UID, and the configured clock-skew allowance is no greater than the documented SDK limit.",`REQUIRED`
2,phase-2.md,63,Firebase authentication requirements,,FBAUTH-003,FBAUTH,"The backend must fail closed for missing credentials, empty tokens, malformed JWTs, invalid signatures, unsupported algorithms, wrong projects, expired tokens, malformed `Bearer` syntax, or ambiguous/multiple authorization credentials. It must not select one of multiple conflicting credentials.",`REQUIRED`
2,phase-2.md,64,Firebase authentication requirements,,FBAUTH-004,FBAUTH,"ID tokens must be transmitted only over validated HTTPS and in the HTTP `Authorization: Bearer <token>` field. Tokens must not be accepted from URLs, query strings, route parameters, fragments, referrers, or ordinary form fields.",`REQUIRED`
2,phase-2.md,65,Firebase authentication requirements,,FBAUTH-005,FBAUTH,"Application, proxy, tracing, analytics, error, and crash-reporting systems must redact the `Authorization` value and must not persist raw ID tokens, refresh tokens, custom tokens, or App Check tokens. Browser code must not print them to the console.",`REQUIRED`
2,phase-2.md,66,Firebase authentication requirements,,FBAUTH-006,FBAUTH,"The browser must use Firebase SDK APIs such as `getIdToken()` and auth/token-change observers rather than directly reading, persisting, copying, or refreshing raw token material. The application must not introduce a second custom `localStorage` or `sessionStorage` token copy.",`REQUIRED`
2,phase-2.md,67,Firebase authentication requirements,,FBAUTH-007,FBAUTH,Firebase persistence mode must be an explicit risk decision. Administrator sessions should use session-only or otherwise restricted persistence on shared or unmanaged devices; ordinary-user persistence may be longer where the product accepts the XSS/device-loss tradeoff.,`CONTEXT-DEPENDENT`
2,phase-2.md,68,Firebase authentication requirements,,FBAUTH-008,FBAUTH,"Request retry logic must obtain a current token after an authentication-expiry response and retry an idempotent request at most under a bounded policy. It must not blindly replay non-idempotent mutations, create infinite refresh loops, or fan out simultaneous refreshes unnecessarily.",`STRONGLY RECOMMENDED`
2,phase-2.md,69,Firebase authentication requirements,,FBAUTH-009,FBAUTH,"Client sign-out must clear the local Firebase session and application caches, but security-sensitive “sign out all devices” or compromise actions must additionally revoke Firebase refresh tokens. The system must not treat client `signOut()` as global token revocation.",`REQUIRED`
2,phase-2.md,70,Firebase authentication requirements,,FBAUTH-010,FBAUTH,"The application must define a revocation policy. At minimum, revocation-aware verification or an equivalent current-user check must be used for suspended/disabled accounts, administrator access, account security changes, and other high-risk operations. Checking revocation on every protected request is acceptable but incurs an additional remote lookup; selective checking is acceptable only when local account-state enforcement prevents revoked privileges from remaining usable.",`REQUIRED` for high-risk and lifecycle events; otherwise `CONTEXT-DEPENDENT`
2,phase-2.md,71,Firebase authentication requirements,,FBAUTH-011,FBAUTH,"Password change, primary-email change, suspected compromise, user-requested global sign-out, administrator suspension, and emergency privilege removal must trigger the documented invalidation sequence: update the authoritative local state where applicable, revoke Firebase refresh tokens, and force clients to refresh or sign out.",`REQUIRED`
2,phase-2.md,72,Firebase authentication requirements,,FBAUTH-012,FBAUTH,A disabled Firebase user must be rejected by protected endpoints through `check_revoked=True` or a current Firebase-user lookup where that check is required. Local suspension must still be enforced independently. Re-enabling Firebase must not automatically reactivate a locally suspended user.,`REQUIRED`
2,phase-2.md,73,Firebase authentication requirements,,FBAUTH-013,FBAUTH,"Authentication failures caused by invalid credentials must return a safe `401` challenge without exposing token contents or detailed cryptographic diagnostics. Temporary Firebase certificate/API failures must fail closed, use bounded retries where the SDK supports them, and return a temporary service failure rather than treating the request as authenticated.",`REQUIRED`
2,phase-2.md,74,Firebase authentication requirements,,FBAUTH-014,FBAUTH,"The application must not cache a positive authentication result beyond the verified token’s expiry, and must not use cached authentication to bypass current local account-state or administrator-role checks. Raw token strings must not be cache keys visible in telemetry.",`REQUIRED`
2,phase-2.md,75,Firebase authentication requirements,,FBAUTH-015,FBAUTH,"Tokens should not be forwarded to downstream services unless that service is an intended trusted verifier for the same Firebase project and needs the end-user identity. Prefer forwarding a derived, minimal internal identity context over the original bearer token.",`STRONGLY RECOMMENDED`
2,phase-2.md,76,Firebase authentication requirements,,FBAUTH-016,FBAUTH,"Email verification must be enforced according to operation risk, not universally by assumption. Public browsing may remain open; hosting, messaging, payment-related actions, account recovery, or abuse-prone features may require verified email. Administrator access must require a verified and currently controlled identifier. Verification status must be taken from a current token/user record, not indefinitely cached.","`CONTEXT-DEPENDENT`, with administrator verification `REQUIRED`"
2,phase-2.md,77,Firebase authentication requirements,,FBAUTH-017,FBAUTH,"Recent authentication or step-up authentication must be required for password changes, primary-email changes, account deletion, provider linking/unlinking, MFA enrollment/removal, recovery-factor changes, data export, and similarly sensitive account operations. Payment-method metadata changes and sensitive profile changes require a documented risk decision.",`REQUIRED` for Firebase-designated sensitive account operations; otherwise `CONTEXT-DEPENDENT`
2,phase-2.md,78,Firebase authentication requirements,,FBAUTH-018,FBAUTH,"Password reset, sign-in, registration and account-recovery responses must resist account enumeration through generic client messages and materially similar response behavior. Email enumeration protection must remain enabled unless an approved exception documents the resulting exposure. Rate limits and abuse controls must cover sign-in, registration, reset, verification resend and recovery attempts.",`REQUIRED`
2,phase-2.md,79,Firebase authentication requirements,,FBAUTH-019,FBAUTH,"Recovery links and codes must be verified through Firebase, restricted to authorized continuation domains, used over HTTPS, and not exposed in analytics or logs. Custom handlers must validate the action code and operation before applying it. Support personnel must not bypass identity proofing by directly changing credentials solely on the basis of easily obtained profile data.",`REQUIRED`
2,phase-2.md,80,Firebase authentication requirements,,FBAUTH-020,FBAUTH,"Firebase password-policy configuration must be inspected and intentionally selected. The application must not rely on composition rules alone; it should permit long passwords, avoid forced periodic changes absent compromise, and combine provider controls with rate limiting and MFA according to risk.",`STRONGLY RECOMMENDED`
2,phase-2.md,81,Firebase authentication requirements,,FBAUTH-021,FBAUTH,Firebase MFA for ordinary player accounts may be optional or risk-triggered. Administrator accounts must use MFA. TOTP is preferable to SMS where Firebase-native factors are used; phishing-resistant authentication through a suitable identity provider should be preferred for the highest-risk administrators where feasible.,Ordinary users `CONTEXT-DEPENDENT`; administrators `REQUIRED`
2,phase-2.md,82,Firebase authentication requirements,,FBAUTH-022,FBAUTH,"App Check may be used as an additional signal for the custom FastAPI backend by requiring and verifying App Check tokens in a dedicated header. It must not replace Firebase user authentication, local authorization, rate limiting, anti-automation controls, or transaction safeguards.",`STRONGLY RECOMMENDED` for exposed abuse-prone browser APIs; otherwise `CONTEXT-DEPENDENT`
2,phase-2.md,83,Firebase authentication requirements,,FBAUTH-023,FBAUTH,"App Check limited-use/replay-consumption mode should be reserved for low-volume, high-value operations where its extra remote call, quota and latency are justified. Debug tokens must never be shipped or committed and must be deleted when exposed.",`CONTEXT-DEPENDENT`; debug-token protection `REQUIRED`
2,phase-2.md,84,Firebase authentication requirements,,FBAUTH-024,FBAUTH,"PostgreSQL must be the authoritative source for application roles, administrator status, account state, ownership, hosting eligibility and dynamic permissions. Firebase custom claims may be a derived cache or frontend/security-rule hint, but must not be an independent conflicting authority for backend authorization.",`REQUIRED` for this architecture
2,phase-2.md,85,Firebase authentication requirements,,FBAUTH-025,FBAUTH,"Only trusted backend code and tightly controlled operators may set custom claims. Claims must contain no secrets or mutable profile data, must remain below Firebase’s serialized 1,000-character limit, and must avoid reserved claims. A role reduction must update PostgreSQL first and must not wait for claim propagation to remove backend access.",`REQUIRED`
2,phase-2.md,86,Firebase authentication requirements,,FBAUTH-026,FBAUTH,"The Firebase Admin SDK must use an attached managed identity with Application Default Credentials on Google Cloud, or Workload Identity Federation/another short-lived identity mechanism off Google Cloud, whenever supported. Long-lived service-account JSON keys are a fallback, not the preferred production design.",`STRONGLY RECOMMENDED`
2,phase-2.md,87,Firebase authentication requirements,,FBAUTH-027,FBAUTH,"Firebase Admin credentials must never enter frontend bundles, public environment variables, source control, container layers, build artifacts, logs or crash reports. An unavoidable JSON key must be stored in a secret manager or protected file mount with minimal filesystem access and a documented rotation/revocation process.",`REQUIRED`
2,phase-2.md,88,Firebase authentication requirements,,FBAUTH-028,FBAUTH,"The backend service account must be single-purpose and granted only the Firebase Authentication permissions it actually needs. Broad project Owner, Editor, Firebase Admin, or unrestricted service-account impersonation must not be used where narrower roles or custom roles suffice.",`REQUIRED`
2,phase-2.md,89,Firebase authentication requirements,,FBAUTH-029,FBAUTH,"User-managed service-account key creation and upload should be disabled by organization policy where no justified key use exists. Any remaining keys must be inventoried, attributed, rotated, tested for disablement, and removed when unused. Emergency revocation must account for already issued short-lived access tokens.",`STRONGLY RECOMMENDED`; key inventory `REQUIRED` if keys exist
2,phase-2.md,90,Firebase authentication requirements,,FBAUTH-030,FBAUTH,"Development, automated testing, staging and production must use isolated Firebase projects and credentials. Each frontend and backend environment must use the matching project configuration, and wrong-environment tokens must fail audience/project verification. The Auth Emulator may be used for tests but not production.",`REQUIRED`
2,phase-2.md,96,Local account lifecycle requirements,,ACCOUNT-001,ACCOUNT,"Every local user must have an immutable association to the Firebase UID, protected by a non-null unique constraint. A separate local primary key may be used for business relationships. Email must not be the identity-join key.",`REQUIRED`
2,phase-2.md,97,Local account lifecycle requirements,,ACCOUNT-002,ACCOUNT,First-login or registration provisioning must be idempotent and safe under concurrent requests. It must use the UID uniqueness constraint and transactionally return the one resulting local account rather than creating duplicate rows or partially initialized users.,`REQUIRED`
2,phase-2.md,98,Local account lifecycle requirements,,ACCOUNT-003,ACCOUNT,"Provisioning before successful Firebase authentication must not create an active application account solely from untrusted client identity fields. If preregistration records exist, they must be inert and bound to the authenticated UID through a controlled claim process.",`REQUIRED`
2,phase-2.md,99,Local account lifecycle requirements,,ACCOUNT-004,ACCOUNT,"Firebase is authoritative for Firebase UID, sign-in providers, verified-email state and provider-managed contact attributes. PostgreSQL is authoritative for application display/profile data where the user can edit it, roles, account status, hosting eligibility, ownership and permissions. Every copied Firebase attribute must have a documented refresh rule.",`REQUIRED`
2,phase-2.md,100,Local account lifecycle requirements,,ACCOUNT-005,ACCOUNT,"Email comparisons used for display, notification or lookup may be normalized consistently, but normalization must not merge two local accounts or transfer authorization. An old email reused by a new Firebase UID must create or map to a distinct local identity unless an explicit, authenticated account-linking procedure proves ownership of both accounts.",`REQUIRED`
2,phase-2.md,101,Local account lifecycle requirements,,ACCOUNT-006,ACCOUNT,"Provider linking and account merging must require a currently authenticated user, recent authentication where sensitive, conflict detection, and an explicit policy for reconciling two existing local accounts. Automatic merging solely because emails match is prohibited.",`REQUIRED`
2,phase-2.md,102,Local account lifecycle requirements,,ACCOUNT-007,ACCOUNT,"Every authenticated request must resolve the current local user by Firebase UID and enforce the current local account state. A token for a nonexistent, suspended, deleted, or otherwise disallowed local account must not gain normal protected access.",`REQUIRED`
2,phase-2.md,103,Local account lifecycle requirements,,ACCOUNT-008,ACCOUNT,"Account states must have an explicit access matrix. `active` ordinarily permits policy-controlled access; `suspended` and `deleted` deny normal actions; `pending deletion` may permit only cancellation, status, export or support functions selected by policy; narrower restrictions such as “hosting disabled” must be enforced only on affected functions.",`REQUIRED` for an explicit matrix; individual limited-access choices `CONTEXT-DEPENDENT`
2,phase-2.md,104,Local account lifecycle requirements,,ACCOUNT-009,ACCOUNT,Local suspension must take effect before or atomically with any external Firebase action. The local status must block new protected operations immediately; refresh-token revocation and Firebase disablement should be added where a full authentication stop is intended. Partial Firebase failure must not reactivate application access and must enter a retry/reconciliation state.,`REQUIRED`
2,phase-2.md,105,Local account lifecycle requirements,,ACCOUNT-010,ACCOUNT,"Suspension workflows must be idempotent and concurrency-safe, must record the current state and authorized reason, and must define restoration behavior. Restoration may re-enable Firebase only when local policy allows it and must not silently restore prior administrator privileges or bypass current restrictions.",`REQUIRED`
2,phase-2.md,106,Local account lifecycle requirements,,ACCOUNT-011,ACCOUNT,Account deletion must require recent authentication for self-service requests and must first enter an application-controlled non-active state before destructive external work. Existing sessions must lose normal access promptly through local-state enforcement and Firebase revocation/disablement or deletion.,`REQUIRED`
2,phase-2.md,107,Local account lifecycle requirements,,ACCOUNT-012,ACCOUNT,"Immediate deletion, delayed deletion, soft deletion and anonymization are policy alternatives. If a cancellation period is chosen, the pending user may receive only explicitly allowed functions and cancellation must reauthenticate the user and verify that irreversible work has not already begun. No retention period should be inferred from Firebase documentation.",`CONTEXT-DEPENDENT`
2,phase-2.md,108,Local account lifecycle requirements,,ACCOUNT-013,ACCOUNT,"Deletion must be an idempotent, resumable workflow that tracks completion of Firebase deletion/revocation, local anonymization or deletion, notification cleanup, content handling, and external-provider actions. Retries must distinguish “already deleted” from failure. Reconciliation tooling must expose incomplete steps without exposing secrets.",`REQUIRED`
2,phase-2.md,109,Local account lifecycle requirements,,ACCOUNT-014,ACCOUNT,"Deletion must classify dependent data rather than blindly cascade everything. Authentication/profile data may be removed or anonymized; financial, refund, booking, consent, fraud, and administrative-attribution records may require preservation under separately approved policies. Retained records must no longer grant login or ownership rights.",`REQUIRED` for classification; exact retention `CONTEXT-DEPENDENT`
2,phase-2.md,110,Local account lifecycle requirements,,ACCOUNT-015,ACCOUNT,"A deleted account must leave sufficient non-authenticating linkage or tombstone state to prevent a later Firebase identity—especially one reusing the same email—from inheriting the old local user, bookings, credits, messages, roles or administrator status. Recreated identities must be treated as new unless an explicit recovery procedure authorizes restoration.",`REQUIRED`
2,phase-2.md,111,Local account lifecycle requirements,,ACCOUNT-016,ACCOUNT,"Scheduled or event-driven reconciliation must detect Firebase users without local users, local users whose Firebase identities are missing or disabled, stale copied attributes, failed claim updates, and incomplete suspension/deletion operations. Automated repair must not reactivate or merge accounts without an unambiguous rule.",`STRONGLY RECOMMENDED`
2,phase-2.md,117,Application authorization requirements,,AUTHZ-001,AUTHZ,"A valid Firebase token may establish `firebase_uid` only. Before any protected action, the backend must establish that a corresponding local user exists, the local state permits access, the current role/function permission permits the action, the actor has the required resource relationship, and the resource/workflow state permits the transition.",`REQUIRED`
2,phase-2.md,118,Application authorization requirements,,AUTHZ-002,AUTHZ,"Authorization must deny by default and be validated on every request. Missing policy registration, unknown roles, null relationships, policy exceptions, database errors and cache failures must not fall through to allow.",`REQUIRED`
2,phase-2.md,119,Application authorization requirements,,AUTHZ-003,AUTHZ,"Authorization logic must be expressed through consistently reused route dependencies, service/domain policy functions, query scopes, or a policy engine. The chosen design may vary, but scattered ad hoc conditionals must not be the sole mechanism for cross-cutting rules such as account state, administrator status or ownership.",`STRONGLY RECOMMENDED`
2,phase-2.md,120,Application authorization requirements,,AUTHZ-004,AUTHZ,"Every endpoint accepting an object identifier must check authorization for the specific object and operation. UUIDs, obscurity, frontend ownership checks, possession of a related identifier, or prior authorization for another object are not sufficient.",`REQUIRED`
2,phase-2.md,121,Application authorization requirements,,AUTHZ-005,AUTHZ,Nested-resource access must verify both the child’s permission and its actual parent relationship. A URL such as `/games/A/messages/B` must not authorize message B merely because the caller may access game A or because B exists.,`REQUIRED`
2,phase-2.md,122,Application authorization requirements,,AUTHZ-006,AUTHZ,"Relationship-based permissions—host, participant, waitlisted user, post owner, requester, chat member, notification recipient, payment owner, booking owner, uploader or assigned administrator—must be established from current server-side records, not client assertions or token claims.",`REQUIRED`
2,phase-2.md,123,Application authorization requirements,,AUTHZ-007,AUTHZ,"Identity and ownership alone must not authorize an invalid state transition. The backend must check current states such as draft, published, active, completed, canceled, expired, hidden, removed, paid, refunded, waitlisted, promoted, suspended and pending deletion immediately before mutation.",`REQUIRED`
2,phase-2.md,124,Application authorization requirements,,AUTHZ-008,AUTHZ,"Public, authenticated, owner, participant, host, administrator, financial-administrator, moderation and internal-operational functions must have explicit backend classifications. Hidden navigation, absent buttons, obscure paths, API documentation settings and frontend route guards are not authorization controls.",`REQUIRED`
2,phase-2.md,125,Application authorization requirements,,AUTHZ-009,AUTHZ,"Debug, deprecated, maintenance, documentation and internal-operational routes must be removed from production or protected by an explicit policy appropriate to their function. A route’s undocumented or hidden status does not make it private.",`REQUIRED`
2,phase-2.md,126,Application authorization requirements,,AUTHZ-010,AUTHZ,"Create and update inputs must use explicit allowlisted fields, with distinct schemas where privileges differ. Client input must not control role, administrator status, account status, ownership, user/admin IDs, hosting eligibility, provider IDs, payment/refund state, credit value, internal notes, moderation state, visibility, timestamps, deletion markers or audit metadata unless a specific authorized function permits that exact field.",`REQUIRED`
2,phase-2.md,127,Application authorization requirements,,AUTHZ-011,AUTHZ,PATCH and nested-object updates must map each accepted field explicitly and reject or safely ignore unknown fields according to a documented contract. Generic ORM construction or dictionary unpacking from untrusted request bodies into persistent models must not be used for privileged entities.,`REQUIRED`
2,phase-2.md,128,Application authorization requirements,,AUTHZ-012,AUTHZ,"Response schemas must suppress fields the caller is not entitled to read. Internal notes, provider identifiers, private contact data, administrative metadata, payment details and hidden moderation data must not leak merely because the caller can access the containing object.",`REQUIRED`
2,phase-2.md,129,Application authorization requirements,,AUTHZ-013,AUTHZ,"Queries should enforce actor, ownership, relationship, visibility, account state and soft-delete predicates as part of the database selection wherever feasible. Fetching an unrestricted row set and filtering only in the browser is prohibited; post-fetch backend checks remain necessary for complex transitions.",`REQUIRED`
2,phase-2.md,130,Application authorization requirements,,AUTHZ-014,AUTHZ,"Lists, searches, lookups, counts, aggregates, joins, eager-loaded relations, exports and bulk endpoints must apply the same authorization scope as individual-object reads. Authorization must be checked for every submitted bulk identifier; partial success behavior must be explicit.",`REQUIRED`
2,phase-2.md,131,Application authorization requirements,,AUTHZ-015,AUTHZ,"Pagination cursors must be opaque or integrity-protected and must not independently confer access. Changing, replaying or borrowing a cursor must never escape the caller’s current authorization scope or expose soft-deleted/hidden rows.",`REQUIRED`
2,phase-2.md,132,Application authorization requirements,,AUTHZ-016,AUTHZ,"`401` must be used when valid authentication credentials are absent or unusable; `403` ordinarily indicates an authenticated actor lacks permission; `404` may conceal a private forbidden resource where existence itself is sensitive. Public-resource and administrator errors need not always be concealed, but behavior must be consistent for equivalent cases.",`REQUIRED` for semantic consistency; concealment `CONTEXT-DEPENDENT`
2,phase-2.md,133,Application authorization requirements,,AUTHZ-017,AUTHZ,"Authorization errors returned to clients must not disclose another user’s identity, ownership, internal state, policy predicates, or sensitive administrative reasons. Internally, failures may retain request correlation and policy identifiers without logging credentials or excessive private data.",`REQUIRED`
2,phase-2.md,134,Application authorization requirements,,AUTHZ-018,AUTHZ,"Cached users, roles, relationships or permission results must have bounded staleness and invalidation for suspension, deletion, relationship removal, role removal and emergency administrator revocation. High-risk mutations must use current authoritative data at execution time rather than a stale cached decision.",`REQUIRED`
2,phase-2.md,135,Application authorization requirements,,AUTHZ-019,AUTHZ,"High-impact or non-idempotent actions must recheck authorization and current state immediately before committing the side effect. Prior page access, preview authorization, or an earlier cached decision must not authorize later execution.",`REQUIRED`
2,phase-2.md,136,Application authorization requirements,,AUTHZ-020,AUTHZ,"Authorization test coverage must include positive, negative, cross-user, cross-role, state-transition, field-injection, bulk, pagination, race and failure scenarios. Testing only unauthenticated access or happy paths is insufficient.",`REQUIRED`
2,phase-2.md,142,Administrative-access requirements,,ADMIN-001,ADMIN,"Every administrative request must require a valid Firebase ID token, current Firebase-account acceptability where revocation/disablement is relevant, an existing local user, an active non-deleting local state, and a current PostgreSQL administrator role or privilege. These conditions must be rechecked on every request.",`REQUIRED`
2,phase-2.md,143,Administrative-access requirements,,ADMIN-002,ADMIN,Administrator privileges must be assigned to named personal identities. Shared administrator credentials and use of backend service accounts as interactive human administrators are prohibited.,`REQUIRED`
2,phase-2.md,144,Administrative-access requirements,,ADMIN-003,ADMIN,"A single administrator role may be used only where the number of administrators is small, duties are homogeneous, private-data and financial access are limited, and all members are approved for every administrative operation. Otherwise, separate at least read-only, user-management/moderation and financial privileges, with sensitive data access independently controlled.",`CONTEXT-DEPENDENT`
2,phase-2.md,145,Administrative-access requirements,,ADMIN-004,ADMIN,All administrators must enroll an approved MFA factor before receiving or exercising administrative privileges. TOTP is preferable to SMS among Firebase-native options; phishing-resistant federation should be used for highest-impact administrators when feasible. MFA reset must itself be a high-risk verified process.,`REQUIRED`
2,phase-2.md,146,Administrative-access requirements,,ADMIN-005,ADMIN,"Administrator sessions must use an explicit shorter-risk posture than ordinary sessions: restricted persistence on shared/unmanaged devices, reauthentication after risk events, global revocation on device loss, and current role/state checks per request. A long-lived refreshable Firebase browser session must not be treated as perpetual proof of administrator presence.",`REQUIRED`
2,phase-2.md,147,Administrative-access requirements,,ADMIN-006,ADMIN,"Assigning/removing administrator privileges, deleting or restoring users, changing MFA/recovery, issuing refunds or credits, adjusting financial state, and accessing especially sensitive private data must require recent authentication or step-up. The backend must bind the step-up result to the acting administrator and a limited time window.",`REQUIRED`
2,phase-2.md,148,Administrative-access requirements,,ADMIN-007,ADMIN,"High-risk mutations must present the target and consequential values for confirmation, require an explicit reason where accountability or user impact warrants it, perform a final current-state and authorization check, and support safe retry through idempotency or equivalent duplicate detection.",`REQUIRED`
2,phase-2.md,149,Administrative-access requirements,,ADMIN-008,ADMIN,"Typed confirmation, preview, reversal windows, transaction limits, user notifications, dual control and second approval must be selected by risk. Dual control is strongly indicated for unusually large financial adjustments, granting top-level administrative access, destructive bulk actions, or access to exceptionally sensitive private data, but need not be imposed on routine low-risk moderation.",`CONTEXT-DEPENDENT`
2,phase-2.md,150,Administrative-access requirements,,ADMIN-009,ADMIN,"Only an already authorized privilege-management principal or approved bootstrap procedure may create administrators. Self-promotion through profile updates, custom claims, registration fields or ordinary admin APIs must be impossible. Administrator invitations must bind the approved person to the authenticated Firebase UID before privilege activation.",`REQUIRED`
2,phase-2.md,151,Administrative-access requirements,,ADMIN-010,ADMIN,"Initial administrator bootstrap must be one-time, narrowly controlled and disabled after use. The system must prevent accidental removal of the final usable administrator or require a separately tested recovery mechanism. Departing or reassigned administrators must be promptly offboarded from PostgreSQL, Firebase sessions and relevant Google Cloud access.",`REQUIRED`
2,phase-2.md,152,Administrative-access requirements,,ADMIN-011,ADMIN,"Administrator search must be access-controlled, rate- and result-limited, and return only fields needed for the task. Exact identifiers should be preferred for sensitive lookups; partial name/email search, deleted users, private contact details, bulk export and broad result sets require additional privilege or justification.",`REQUIRED`
2,phase-2.md,153,Administrative-access requirements,,ADMIN-012,ADMIN,"Access to private messages, payment-related data, recovery information, internal notes and support records must be separately justified and minimized. General administrator status must not automatically expose all such fields where duties do not require them.","`STRONGLY RECOMMENDED`, becoming `REQUIRED` when duties are separated"
2,phase-2.md,154,Administrative-access requirements,,ADMIN-013,ADMIN,"Administrator impersonation should be absent unless a demonstrated support need exists. If enabled, it must use a separate time-limited mode with a persistent visible banner, acting-admin identity retained server-side, required reason, restricted operations, and prohibition on financial actions, role changes, credential changes and invisible impersonation.",`CONTEXT-DEPENDENT`; controls `REQUIRED` if enabled
2,phase-2.md,155,Administrative-access requirements,,ADMIN-014,ADMIN,"Break-glass access is appropriate only where operational scale or availability needs justify it. If used, it must be a separate named emergency identity, protected by strong MFA, unavailable for routine use, narrowly privileged, securely recoverable, periodically tested, promptly rotated after use, and subject to post-use review.",`CONTEXT-DEPENDENT`; controls `REQUIRED` if implemented
2,phase-2.md,156,Administrative-access requirements,,ADMIN-015,ADMIN,"Emergency privilege removal must update the authoritative PostgreSQL role or account state first, revoke Firebase refresh tokens, disable the Firebase identity when appropriate, invalidate authorization caches across instances, and remove relevant Google Cloud access. The procedure must be executable without cooperation from the affected administrator.",`REQUIRED`
3,phase-3.md,101,Audit logging requirements and matrices,Audit requirements,AUDIT-001,AUDIT,"Maintain a distinct authoritative **administrative audit trail**. Access logs, application/error logs, moderation evidence, case events, financial ledgers, business-status history, and incident records may share correlation IDs but must not substitute for it.",`REQUIRED`
3,phase-3.md,102,Audit logging requirements and matrices,Audit requirements,AUDIT-002,AUDIT,"Maintain a logging inventory that identifies event classes, fields, formats, destinations, writers, readers, uses, alerting, retention categories and failure behavior.",`REQUIRED`
3,phase-3.md,103,Audit logging requirements and matrices,Audit requirements,AUDIT-003,AUDIT,"Record administrator authentication successes and failures, session elevation or break-glass use, and administrator authorization failures. Record successful sensitive-data access where the data category is private messages, payment context, moderation evidence, audit records or exports. Do not copy the sensitive payload into the access event.",`REQUIRED`
3,phase-3.md,104,Audit logging requirements and matrices,Audit requirements,AUDIT-004,AUDIT,"Audit every consequential privileged mutation: role assignment/removal; suspension/restoration/deletion and deletion cancellation; hosting or participation restriction/restoration; content hide/remove/restore; game/post cancellation; chat action; case creation/state/resolution/reopen; note addition/correction; enforcement/reversal; refund/credit/adjustment/reconciliation; notice creation/scheduling/cancellation; and changes to security, access or retention configuration.",`REQUIRED`
3,phase-3.md,105,Audit logging requirements and matrices,Audit requirements,AUDIT-005,AUDIT,"Record outcomes for significant failed, rejected or non-mutating attempts: authorization denial, invalid workflow state, stale version, duplicate/replayed request, same idempotency key with changed payload, provider rejection, database/audit failure and partial failure. Routine malformed public input may remain in security or operational logs unless it indicates abuse or affects a privileged operation.",`REQUIRED` for privileged or security-relevant attempts; otherwise `CONTEXT-DEPENDENT`
3,phase-3.md,106,Audit logging requirements and matrices,Audit requirements,AUDIT-006,AUDIT,"Each authoritative audit event must have an immutable unique event ID; authoritative UTC timestamp; event type; actor identifier and actor role/permission context; target type and ID; action; result; stable failure code where applicable; request/correlation ID; application/environment identity; and related case, enforcement, financial or notice identifiers when present.",`REQUIRED`
3,phase-3.md,107,Audit logging requirements and matrices,Audit requirements,AUDIT-007,AUDIT,"Record selected structured state changes—such as old/new status, role, visibility, amount or assignment—rather than full object snapshots by default. Exclude secrets, tokens, raw private conversations, full payment data, unrestricted profile data and large request/response bodies.",`REQUIRED`
3,phase-3.md,108,Audit logging requirements and matrices,Audit requirements,AUDIT-008,AUDIT,"Consequential actions must use a controlled reason code. Free-text explanation may be required by policy for selected actions, but must be bounded, safely rendered, validated as text, and accompanied by warnings against secrets, copied private messages, full payment data and irrelevant personal information. Do not impose arbitrary minimum text lengths.",`STRONGLY RECOMMENDED`; `REQUIRED` where the action cannot otherwise be meaningfully reviewed
3,phase-3.md,109,Audit logging requirements and matrices,Audit requirements,AUDIT-009,AUDIT,"Audit events and action reasons must not be directly edited through ordinary application functionality. Corrections must be new linked annotation, superseding or corrective events that identify the original event, correcting actor, time and correction reason.",`REQUIRED`
3,phase-3.md,110,Audit logging requirements and matrices,Audit requirements,AUDIT-010,AUDIT,The application audit writer must have only the privileges necessary to append permitted events; ordinary application and administrator roles must lack audit `UPDATE` and `DELETE`. Audit reading and exporting must use separate permissions. The application must not connect as the audit-table owner or a PostgreSQL superuser.,`REQUIRED`
3,phase-3.md,111,Audit logging requirements and matrices,Audit requirements,AUDIT-011,AUDIT,"Send an audit copy through a secure path to a logically separate security or audit system, or otherwise maintain an independently protected replica that the normal application writer cannot alter. Monitor forwarding failures and reconcile gaps.",`STRONGLY RECOMMENDED`; `REQUIRED` where administrator compromise is in the threat model and the local application/database is not independently controlled
3,phase-3.md,112,Audit logging requirements and matrices,Audit requirements,AUDIT-012,AUDIT,"Cryptographic event signing, hash chaining, notarization and write-once storage require a documented risk decision. Use them when evidence must remain trustworthy against highly privileged database or infrastructure operators, or when external obligations require them. They are not universal requirements for this application.",`CONTEXT-DEPENDENT`
3,phase-3.md,113,Audit logging requirements and matrices,Audit requirements,AUDIT-013,AUDIT,"For a local administrative mutation, create the authoritative audit event in the same transaction as the authoritative local state change where feasible. If provider actions or asynchronous pipelines prevent one transaction, use durable intent/result records, idempotent processing and reconciliation so neither business success nor audit loss is silent.",`REQUIRED` for local authoritative state and event consistency; implementation form `CONTEXT-DEPENDENT`
3,phase-3.md,114,Audit logging requirements and matrices,Audit requirements,AUDIT-014,AUDIT,"Use synchronized authoritative time, store UTC or explicit offset, distinguish event time from ingestion time when needed, and expose sequence/gap/duplicate indicators sufficient to detect delayed, duplicated or out-of-order events.",`REQUIRED`
3,phase-3.md,115,Audit logging requirements and matrices,Audit requirements,AUDIT-015,AUDIT,"Build log records through structured field allowlists before emission. Redact at the source and logging boundary, including provider SDK logs, exception handling, HTTP access logs, query logging, frontend telemetry and error-monitoring systems. Post-storage scrubbing alone is insufficient.",`REQUIRED`
3,phase-3.md,116,Audit logging requirements and matrices,Audit requirements,AUDIT-016,AUDIT,"Normalize, escape or encode untrusted log fields—including user content, excerpts, reasons, notes, user agents and provider errors—to prevent newline/control-character, terminal, HTML, JSON-delimiter and CSV/spreadsheet injection.",`REQUIRED`
3,phase-3.md,117,Audit logging requirements and matrices,Audit requirements,AUDIT-017,AUDIT,"Audit search and viewing must be read-only, permission-scoped and paginated. Support searches by event ID, actor, target, event type, outcome, date/time, request/correlation ID and linked case/enforcement/financial/notice ID. Unbounded partial-text search over sensitive narratives is context-dependent.",`STRONGLY RECOMMENDED`; sensitive-field search `CONTEXT-DEPENDENT`
3,phase-3.md,118,Audit logging requirements and matrices,Audit requirements,AUDIT-018,AUDIT,"Audit exports must require an export-specific permission, bounded query, purpose or reason, generated-file access control, secure transport/storage, expiration and deletion handling, export-event logging, and spreadsheet-formula protection. Recipient lists and unnecessary personal fields must be excluded by default.",`REQUIRED` for export functionality; `NOT APPLICABLE UNDER STATED CONDITIONS` if no export is offered
3,phase-3.md,119,Audit logging requirements and matrices,Audit requirements,AUDIT-019,AUDIT,"Establish periodic and event-driven review of high-risk events. Candidate signals include role changes, break-glass access, private-message reads, audit exports, bulk actions, large or unusual financial changes, repeated failures, unusual access context and modification of logging/access configuration. Thresholds must be risk-derived, documented and tested rather than invented in this report.",`REQUIRED` to define and perform review; exact thresholds `CONTEXT-DEPENDENT`
3,phase-3.md,120,Audit logging requirements and matrices,Audit requirements,AUDIT-020,AUDIT,"Define retention by record purpose and data category, including active storage, archive, deletion/anonymization, legal hold, backups/snapshots, development copies and exports. Preserve stable attribution where needed while minimizing directly identifying fields for deleted users. No universal period is prescribed.",`REQUIRED` to have and enforce a documented schedule; duration `CONTEXT-DEPENDENT`
3,phase-3.md,183,"Moderation, review-case, and enforcement requirements",Moderation requirements,MOD-001,MOD,"Maintain an owner-approved, versioned moderation taxonomy that maps detection rules and review outcomes to policy identifiers. The technical system must not infer the final policy merely from a keyword or model category.",`REQUIRED` for consistent automated or manual moderation
3,phase-3.md,184,"Moderation, review-case, and enforcement requirements",Moderation requirements,MOD-002,MOD,"Every deterministic or automated detection must identify detection type, rule/model/scanner ID and version, threshold or decision configuration, execution time, supported language/context limitations and provider where applicable.",`REQUIRED`
3,phase-3.md,185,"Moderation, review-case, and enforcement requirements",Moderation requirements,MOD-003,MOD,"Decide synchronously versus asynchronously, and fail-open versus fail-closed, by documented risk categories considering harm severity, exposure before review, reversibility, user latency, scanner reliability and backlog capacity. There is no universal choice.",`CONTEXT-DEPENDENT`
3,phase-3.md,186,"Moderation, review-case, and enforcement requirements",Moderation requirements,MOD-004,MOD,"A finding must identify the finding, target type/ID, target content version or immutable revision reference, field, rule/category/version, detection time, current/stale status, and links to case, review outcome and enforcement when present. Confidence, severity, offsets and excerpts are required only when the detector produces meaningful values.",`REQUIRED` for core identity and lifecycle; optional fields `CONTEXT-DEPENDENT`
3,phase-3.md,187,"Moderation, review-case, and enforcement requirements",Moderation requirements,MOD-005,MOD,"Store the minimum evidence necessary for review: ordinarily a safely rendered excerpt plus bounded context and a source-version reference. Full content, full conversation, screenshots and attachments require a documented need and stronger access controls.",`REQUIRED` as a minimization rule; precise evidence quantity `CONTEXT-DEPENDENT`
3,phase-3.md,188,"Moderation, review-case, and enforcement requirements",Moderation requirements,MOD-006,MOD,"When storing match spans, define whether offsets refer to bytes, Unicode code points or grapheme clusters and whether they apply to original or normalized text. Preserve enough mapping to highlight the correct original content safely.",`STRONGLY RECOMMENDED` where spans are stored; otherwise `NOT APPLICABLE UNDER STATED CONDITIONS`
3,phase-3.md,189,"Moderation, review-case, and enforcement requirements",Moderation requirements,MOD-007,MOD,"A content hash must declare canonicalization and hash-version rules. Hashes may support equality, duplicate detection and change comparison; they do not prove authorship, truth, policy violation or the time content existed. Unsalted hashes of predictable sensitive text require a privacy-risk decision.",`STRONGLY RECOMMENDED` when hashes are used; hashing itself `CONTEXT-DEPENDENT`
3,phase-3.md,190,"Moderation, review-case, and enforcement requirements",Moderation requirements,MOD-008,MOD,"Define finding deduplication over target, field, content version/hash, rule or category, scanner version and active lifecycle state. Preserve `first_detected`, `last_detected` and occurrence count where repeated scans are collapsed. Do not collapse genuinely different rules merely because excerpts overlap.",`REQUIRED` where rescanning or concurrent workers occur
3,phase-3.md,191,"Moderation, review-case, and enforcement requirements",Moderation requirements,MOD-009,MOD,Editing content must generate a new content version or otherwise change the comparison hash and trigger re-evaluation according to the content surface’s risk policy. Previous findings must be retained as historical and marked stale/non-current when they no longer match.,`REQUIRED`
3,phase-3.md,192,"Moderation, review-case, and enforcement requirements",Moderation requirements,MOD-010,MOD,"Staleness or deletion must not silently erase a case or enforcement history. Automatic closure or reversal is allowed only under a versioned policy that records the trigger and reason, checks current state, and supports review or reopening where appropriate.",`REQUIRED` prohibition on silent erasure; automation `CONTEXT-DEPENDENT`
3,phase-3.md,193,"Moderation, review-case, and enforcement requirements",Moderation requirements,MOD-011,MOD,"Scanner timeout, outage, exception, invalid response, partial scan, queue failure and evidence-write failure must have an explicit non-clean state. Retry must be idempotent; exhausted or poison work must become visible to operators; backlog and failure conditions must be monitored.",`REQUIRED`
3,phase-3.md,194,"Moderation, review-case, and enforcement requirements",Moderation requirements,MOD-012,MOD,"If machine-learning classification is used, establish test/evaluation/validation/verification, threshold review, subgroup or language performance analysis, drift monitoring, model/version records and human-oversight criteria proportionate to impact.",`REQUIRED` for production ML moderation governance; `NOT APPLICABLE UNDER STATED CONDITIONS` for deterministic-only moderation
3,phase-3.md,195,"Moderation, review-case, and enforcement requirements",Moderation requirements,MOD-013,MOD,"Support flags must have category, target, source, priority, state, creation time, sensitivity, assignment and resolution data. Keep a flag separate from a moderation case when it is merely an operational observation or unvalidated signal; create/link a case only under documented triage rules.",`STRONGLY RECOMMENDED`; automatic conversion `CONTEXT-DEPENDENT`
3,phase-3.md,201,"Moderation, review-case, and enforcement requirements",Review-case requirements,CASE-001,CASE,"Use an explicit server-enforced case state model that identifies permitted transitions, required inputs and terminal/nonterminal behavior. The exact state names are business-policy choices.",`REQUIRED`; vocabulary `CONTEXT-DEPENDENT`
3,phase-3.md,202,"Moderation, review-case, and enforcement requirements",Review-case requirements,CASE-002,CASE,"Case creation must be idempotent for the same trigger and use documented duplicate/merge rules. “One open case per target” must not be universal because one target may legitimately have different categories, reporters, time periods or risk owners.",`REQUIRED` for duplicate control; cardinality rule `CONTEXT-DEPENDENT`
3,phase-3.md,203,"Moderation, review-case, and enforcement requirements",Review-case requirements,CASE-003,CASE,"Preserve distinct case priority, severity, category, target links, finding/signal/report links, assigned queue/user and creation reason. Do not infer severity solely from confidence score.",`STRONGLY RECOMMENDED`
3,phase-3.md,204,"Moderation, review-case, and enforcement requirements",Review-case requirements,CASE-004,CASE,Case notes must distinguish internal-only from user-visible text; use server-side validation and safe rendering; restrict attachments; and prohibit direct editing/deletion through normal workflows. Corrections must be linked follow-up notes.,`REQUIRED` for integrity and sensitive-data safety
3,phase-3.md,205,"Moderation, review-case, and enforcement requirements",Review-case requirements,CASE-005,CASE,"Maintain append-only case event history distinct from the current case row. Record creation, assignment/reassignment, links, notes, state/outcome changes, enforcement, reversal, target edit/deletion, resolution and reopen events.",`REQUIRED`
3,phase-3.md,206,"Moderation, review-case, and enforcement requirements",Review-case requirements,CASE-006,CASE,"Case resolution must record outcome code, reviewer or automation identity, timestamp, reason, evidence/finding references, linked enforcement if any, and user-notice status or suppression reason where applicable. Reopening must preserve—not replace—the prior resolution.",`REQUIRED`
3,phase-3.md,207,"Moderation, review-case, and enforcement requirements",Review-case requirements,CASE-007,CASE,"Concurrent reviewers must not silently overwrite one another. Use version preconditions, optimistic concurrency or locking, and return a conflict that exposes the refreshed non-sensitive current state. Duplicate notes or repeated resolution attempts must be idempotent or clearly rejected.",`REQUIRED`
3,phase-3.md,208,"Moderation, review-case, and enforcement requirements",Review-case requirements,CASE-008,CASE,"Assignment queues, reassignment, presence indicators, stale-assignment expiry, workload balancing and escalation should be selected according to team size and risk. Assignment must never substitute for authorization.",`CONTEXT-DEPENDENT`
3,phase-3.md,209,"Moderation, review-case, and enforcement requirements",Review-case requirements,CASE-009,CASE,"Automatic case resolution or merging must produce a case event and audit event identifying rule/version, trigger, old/new state and reason, and must handle concurrent human action through state preconditions.",`REQUIRED` if automation exists; otherwise `NOT APPLICABLE UNDER STATED CONDITIONS`
3,phase-3.md,210,"Moderation, review-case, and enforcement requirements",Review-case requirements,CASE-010,CASE,"Separation between investigator, recommender and executor, or dual approval, is required only for risk-defined high-impact operations such as exceptional financial adjustments, access to exceptionally sensitive information or irreversible mass action.",`CONTEXT-DEPENDENT`; may become `REQUIRED` for an organization’s high-assurance tier
3,phase-3.md,216,"Moderation, review-case, and enforcement requirements",Enforcement requirements,ENF-001,ENF,"Enforce action-specific permissions for suspend, restore, hide, remove, cancel, refund, credit, export, read-private-message and send-notice operations. A generic “administrator” role must not automatically confer every sensitive capability.",`REQUIRED`
3,phase-3.md,217,"Moderation, review-case, and enforcement requirements",Enforcement requirements,ENF-002,ENF,"A consequential enforcement request must identify target, action, reason code, current expected state or version, actor, case/finding linkage where policy requires it, notice preference, and idempotency identifier where duplicate delivery is possible.",`REQUIRED`
3,phase-3.md,218,"Moderation, review-case, and enforcement requirements",Enforcement requirements,ENF-003,ENF,"Idempotency must be scoped to the authenticated principal or service, operation and relevant target. Store a safe key representation plus request fingerprint. A completed duplicate with identical semantics returns the prior result; an in-flight duplicate returns conflict; reuse with materially different input is rejected and audited.",`REQUIRED` for non-idempotent consequential operations exposed to retry; exact HTTP code `CONTEXT-DEPENDENT`
3,phase-3.md,219,"Moderation, review-case, and enforcement requirements",Enforcement requirements,ENF-004,ENF,"Validate current target state, content version, ownership where relevant, case state and prior enforcement before acting. Already-applied equivalent actions may return the prior result; incompatible stale, deleted, restored, refunded or changed-version requests must return a conflict without mutation.",`REQUIRED`
3,phase-3.md,220,"Moderation, review-case, and enforcement requirements",Enforcement requirements,ENF-005,ENF,"Local enforcement state and its authoritative audit event must commit consistently. External provider or financial side effects require explicit pending/succeeded/failed/unknown states, safe retries and reconciliation; do not mark provider success solely because a local request was accepted.",`REQUIRED`
3,phase-3.md,221,"Moderation, review-case, and enforcement requirements",Enforcement requirements,ENF-006,ENF,"Reversible actions must preserve the original action and record a separate reversal/restoration with actor, reason, time, current-state validation and restored state. Never delete or rewrite the original enforcement row.",`REQUIRED`
3,phase-3.md,222,"Moderation, review-case, and enforcement requirements",Enforcement requirements,ENF-007,ENF,Identify irreversible or provider-limited actions before confirmation. Such actions require explicit confirmation and risk-appropriate permission; dual approval is context-dependent for the highest-impact cases.,`REQUIRED` to identify and confirm irreversible effects; dual approval `CONTEXT-DEPENDENT`
3,phase-3.md,223,"Moderation, review-case, and enforcement requirements",Enforcement requirements,ENF-008,ENF,"When moderation causes a refund, credit or adjustment, link the enforcement, financial operation, user/game target, amount/currency, provider reference, local/provider outcome and reconciliation status. Financial history remains a distinct ledger/history record linked to—not replaced by—the administrative audit event.",`REQUIRED`
3,phase-3.md,224,"Moderation, review-case, and enforcement requirements",Enforcement requirements,ENF-009,ENF,"Generate a user-safe notice for enforcement when the application’s policy calls for one. It may identify affected content/action and a user-facing policy category, but must not expose secret rules, classifier thresholds, reporter identity, private third-party information, security telemetry or fraud-detection detail.",`STRONGLY RECOMMENDED`; specific notice obligation and content `CONTEXT-DEPENDENT`
3,phase-3.md,225,"Moderation, review-case, and enforcement requirements",Enforcement requirements,ENF-010,ENF,"Delaying or suppressing notice must require a structured reason under a documented safety, fraud, abuse, security or investigation policy. Restoration or reversal should generate a correction/restoration notice where the original action was communicated and the user remains reachable.","`CONTEXT-DEPENDENT`, but suppression rationale and auditability are `REQUIRED` when suppression is supported"
3,phase-3.md,226,"Moderation, review-case, and enforcement requirements",Enforcement requirements,ENF-011,ENF,"Appeals are not established as a universal technical or legal requirement by the primary security sources used here. If the platform offers review or appeal, it must be a distinct case transition with new evidence, reviewer identity, reasoned result, enforcement linkage and conflict-safe restoration.",`CONTEXT-DEPENDENT`; universal mandate `INSUFFICIENT AUTHORITATIVE EVIDENCE`
3,phase-3.md,248,Sensitive administrative data and notice requirements,Sensitive administrative data requirements,SENS-001,SENS,"Maintain a data classification and task-to-field access matrix for contact data, birth dates, private messages, reports, moderation evidence, payment context, identity-provider data, device/IP data, support notes, deletion information and audit history.",`REQUIRED`
3,phase-3.md,249,Sensitive administrative data and notice requirements,Sensitive administrative data requirements,SENS-002,SENS,Enforce minimum-necessary response fields at the backend. List/search pages must default to less detail than case-specific detail views. Frontend hiding or masking alone is not an authorization control.,`REQUIRED`
3,phase-3.md,250,Sensitive administrative data and notice requirements,Sensitive administrative data requirements,SENS-003,SENS,Private-message access must be purpose-limited and normally case- or report-linked. Default to the reported message or relevant excerpt and bounded surrounding context. Full conversation access requires a more specific permission and recorded reason. All message-content reads must be audited; unrestricted bulk browsing must not exist.,`REQUIRED`
3,phase-3.md,251,Sensitive administrative data and notice requirements,Sensitive administrative data requirements,SENS-004,SENS,"Moderation evidence views must safely render text, minimize identity/contact/payment details irrelevant to the case, constrain context, and protect copying/export through permissions and audit. External links and attachments must not execute active content in the administrative interface.",`REQUIRED`
3,phase-3.md,252,Sensitive administrative data and notice requirements,Sensitive administrative data requirements,SENS-005,SENS,"Financial interfaces may show amount, currency, status, provider references, card brand and last four digits only where the task requires them. CVV/CVC, full track data and PIN/PIN-block data must never be stored or displayed after authorization. Full PAN must not be exposed in this administration system absent a separately justified PCI-scoped need.",`REQUIRED` for sensitive-authentication-data prohibition and minimum necessary display; full-PAN handling `CONTEXT-DEPENDENT` but presumptively excluded
3,phase-3.md,253,Sensitive administrative data and notice requirements,Sensitive administrative data requirements,SENS-006,SENS,"Passwords, Firebase tokens, refresh tokens, authorization headers, cookies, API keys, webhook secrets, service-account credentials, private keys, presigned URLs, password-reset or verification links and sensitive authentication payloads must not be stored in audit records, notes, evidence or notices.",`REQUIRED`
3,phase-3.md,254,Sensitive administrative data and notice requirements,Sensitive administrative data requirements,SENS-007,SENS,"Administrative notes require controlled note types, safe text validation/rendering, access restrictions, retention classification, immutable creation metadata and linked correction. Warn and, where feasible, detect attempts to enter credentials, full card data, excessive private-message content, discriminatory or abusive language and irrelevant sensitive information.",`REQUIRED` for controls; exact automated detection `CONTEXT-DEPENDENT`
3,phase-3.md,255,Sensitive administrative data and notice requirements,Sensitive administrative data requirements,SENS-008,SENS,"Sensitive admin responses must use appropriate anti-caching controls, including `Cache-Control: no-store`, and sensitive data must not be deliberately persisted in localStorage, IndexedDB, analytics, frontend logs or client-side error reports. Clear sensitive client state on logout/session termination where feasible.",`REQUIRED`
3,phase-3.md,256,Sensitive administrative data and notice requirements,Sensitive administrative data requirements,SENS-009,SENS,Progressive disclosure or temporary unmasking should require the task-appropriate permission and may require a reason for high-risk categories. The backend must return the unmasked value only after rechecking authorization; unmask actions for highly sensitive fields must be audited.,`STRONGLY RECOMMENDED`; reason requirement `CONTEXT-DEPENDENT`
3,phase-3.md,257,Sensitive administrative data and notice requirements,Sensitive administrative data requirements,SENS-010,SENS,"Clipboard disabling, print restrictions, watermarks and screenshot deterrence may be used for selected workflows but must not be represented as reliable prevention. Focus enforceable controls on backend access, export restriction, auditability, managed-device policy and operator accountability.",`CONTEXT-DEPENDENT`
3,phase-3.md,258,Sensitive administrative data and notice requirements,Sensitive administrative data requirements,SENS-011,SENS,"Sensitive list/search APIs must not return hidden fields “for convenience,” embed secrets in page source, preload unrelated messages/evidence, or include sensitive values in URLs. Browser autocomplete must be disabled where it could retain sensitive administrative entry.",`REQUIRED`
3,phase-3.md,259,Sensitive administrative data and notice requirements,Sensitive administrative data requirements,SENS-012,SENS,Deleted-user audit attribution should normally retain a stable internal or pseudonymous subject reference while removing or minimizing direct identity fields according to the retention policy. Evidence required for open cases or security preservation must be access-restricted and explicitly retained.,"`CONTEXT-DEPENDENT`, but the decision and enforcement are `REQUIRED`"
3,phase-3.md,282,Sensitive administrative data and notice requirements,Administrative notice requirements,NOTICE-001,NOTICE,"Model a notice campaign, immutable content version, audience definition/snapshot, recipient record and delivery attempt as distinct records. Maintain audit links to creator, approver where applicable, reason and cancellation/correction.",`REQUIRED` for platform-wide or targeted administrative notices
3,phase-3.md,283,Sensitive administrative data and notice requirements,Administrative notice requirements,NOTICE-002,NOTICE,"Notice creation must require category, title/body, internal reason, audience definition, content preview and explicit confirmation. High-risk categories or very large audiences may require separate approval under a documented threshold.",`REQUIRED` for preview/confirmation/reason; approval `CONTEXT-DEPENDENT`
3,phase-3.md,284,Sensitive administrative data and notice requirements,Administrative notice requirements,NOTICE-003,NOTICE,"Define whether each campaign snapshots its audience at confirmation/scheduling time or evaluates eligibility at delivery time. Record the chosen semantics, preview count and snapshot/version. Establish explicit behavior for deleted, suspended, pending-deletion or newly ineligible users.",`REQUIRED` to define and record; choice `CONTEXT-DEPENDENT`
3,phase-3.md,285,Sensitive administrative data and notice requirements,Administrative notice requirements,NOTICE-004,NOTICE,"Deduplicate selected recipients by canonical internal user ID. Notice submission and recipient delivery must be idempotent. Reuse of the same key with changed campaign, audience or content must be rejected; a valid duplicate must return or reference the prior campaign/result.",`REQUIRED`
3,phase-3.md,286,Sensitive administrative data and notice requirements,Administrative notice requirements,NOTICE-005,NOTICE,"Render notice content through a controlled plain-text, Markdown or sanitized-HTML pipeline; validate links and disallow scriptable content. Notices must not request credentials, include secrets, disclose private moderation/security detail or embed unnecessary recipient information.",`REQUIRED`
3,phase-3.md,287,Sensitive administrative data and notice requirements,Administrative notice requirements,NOTICE-006,NOTICE,"Scheduled and queued notices need explicit states for draft, approved/scheduled, sending, partially sent, completed, canceled and failed or equivalent semantics. Cancellation must prevent unsent recipients where possible and record unavoidable in-flight delivery.",`REQUIRED`
3,phase-3.md,288,Sensitive administrative data and notice requirements,Administrative notice requirements,NOTICE-007,NOTICE,"Do not edit content already sent to a recipient. Corrections or retractions must be new, linked notice versions/campaigns. Unsent drafts may be edited; scheduled approved content changes must invalidate or repeat approval as policy requires.",`REQUIRED`
3,phase-3.md,289,Sensitive administrative data and notice requirements,Administrative notice requirements,NOTICE-008,NOTICE,"Track per-recipient states such as queued, sent, delivered where provider-confirmed, read where application-observed, skipped, failed, retried and canceled. Do not label a message “delivered” merely because it was accepted locally. Store stable normalized error codes and aggregate counts.",`REQUIRED`
3,phase-3.md,290,Sensitive administrative data and notice requirements,Administrative notice requirements,NOTICE-009,NOTICE,"Use queue/backpressure, recipient pagination, bounded concurrency and rate controls for large audiences. The campaign must expose progress and unresolved failures without loading or exporting the entire recipient list to every administrator.","`STRONGLY RECOMMENDED`; `NOT APPLICABLE UNDER STATED CONDITIONS` for permanently small, bounded audiences"
3,phase-3.md,291,Sensitive administrative data and notice requirements,Administrative notice requirements,NOTICE-010,NOTICE,"Enforcement, financial, maintenance, policy and security notices must use distinct templates and permissions. Security or fraud notices must be reviewed to avoid exposing exploitable internal details; financial notices must not contain raw payment credentials.",`REQUIRED` for sensitive-content separation; template governance `STRONGLY RECOMMENDED`
4,phase-4.md,69,SQLAlchemy connection and session requirements,,DBCONN-001,DBCONN,"Create and retain an engine/pool at process scope, but never permit live pooled DBAPI connections inherited from a parent process to be used by a forked child. Each child must create or reinitialize its own usable pool before database work.",`REQUIRED`
4,phase-4.md,70,SQLAlchemy connection and session requirements,,DBCONN-002,DBCONN,"Maintain a documented deployment-wide connection budget: `(maximum checked-out connections per process × API workers × application instances) + background-worker pools + administration/migration jobs + monitoring + operational reserve ≤ usable PostgreSQL connection capacity`. Count overflow, autoscaling maxima, rolling-deployment overlap, and proxy behavior.",`STRONGLY RECOMMENDED`
4,phase-4.md,71,SQLAlchemy connection and session requirements,,DBCONN-003,DBCONN,"Bound the number of checked-out and overflow connections and define finite pool-wait behavior. Pool exhaustion must fail predictably, release request resources, and not generate unbounded new connections.",`REQUIRED`
4,phase-4.md,72,SQLAlchemy connection and session requirements,,DBCONN-004,DBCONN,"Decide explicitly whether checkout validation, optimistic disconnect handling, age-based recycling, or an external pool/proxy supplies stale-connection protection. Test database restart and network interruption. `pre_ping` is strongly recommended when stale idle connections are plausible, but it cannot rescue a connection lost during an active transaction.",`STRONGLY RECOMMENDED`
4,phase-4.md,73,SQLAlchemy connection and session requirements,,DBCONN-005,DBCONN,Initialize engines at a lifecycle point compatible with the process model and explicitly dispose them during graceful shutdown. Import-time creation is acceptable only when it cannot open or share unsafe connections before process initialization and credential/configuration loading.,`STRONGLY RECOMMENDED`
4,phase-4.md,74,SQLAlchemy connection and session requirements,,DBCONN-006,DBCONN,Select synchronous or asynchronous SQLAlchemy consistently with the driver and workload. Never use `QueuePool` for an async engine; never share a `Session` or `AsyncSession` concurrently. Use one session per thread or asynchronous task.,`REQUIRED`
4,phase-4.md,75,SQLAlchemy connection and session requirements,,DBCONN-007,DBCONN,"Use a separately created session for each request, background-job attempt, webhook attempt, administrative operation, and migration context. Do not reuse request sessions in background tasks after the request has completed.",`REQUIRED`
4,phase-4.md,76,SQLAlchemy connection and session requirements,,DBCONN-008,DBCONN,"Every transactional session path must have deterministic success, exception, and cleanup behavior: commit only after the unit of work succeeds; roll back on exceptions; explicitly roll back after a failed flush before reuse; and close the session in all paths.",`REQUIRED`
4,phase-4.md,77,SQLAlchemy connection and session requirements,,DBCONN-009,DBCONN,"Treat `flush()` as sending pending changes and surfacing database errors inside the existing transaction, not as a durability boundary. User-visible success, job acknowledgement, and provider acknowledgement must not precede the required commit.",`REQUIRED`
4,phase-4.md,78,SQLAlchemy connection and session requirements,,DBCONN-010,DBCONN,"Do not keep a transaction open while awaiting user input, remote-provider calls, slow uploads, arbitrary sleeps, or a long streaming response. If lazy loading is needed after the session closes, materialize required data first or use an explicitly bounded read session.",`STRONGLY RECOMMENDED`
4,phase-4.md,79,SQLAlchemy connection and session requirements,,DBCONN-011,DBCONN,"Decide and document `expire_on_commit`, autoflush, and explicit-autobegin behavior. Any departure from defaults must have tests for stale objects, implicit queries, detached objects, and transaction start points.",`CONTEXT-DEPENDENT`
4,phase-4.md,80,SQLAlchemy connection and session requirements,,DBCONN-012,DBCONN,"Protect database URLs and credentials as secrets, require encrypted database transport where the network boundary is not otherwise trusted, redact credentials and sensitive bind values from logs, and design credential rotation so new connections use new credentials while old pools are retired.",`REQUIRED` for secret protection and untrusted-network encryption; otherwise `CONTEXT-DEPENDENT` for exact TLS mode
4,phase-4.md,100,"Transaction, concurrency, and schema-integrity requirements",Transaction and concurrency requirements,TXN-001,TXN,"Define a transaction around the smallest complete database invariant, not mechanically around an HTTP request. All database changes that must succeed or fail together must share one transaction; unrelated work may use separate transactions only when partial success is explicitly valid and recoverable.",`REQUIRED`
4,phase-4.md,101,"Transaction, concurrency, and schema-integrity requirements",Transaction and concurrency requirements,TXN-002,TXN,"Multiple commits in one business workflow require a documented intermediate state, idempotent continuation, recovery path, and user-visible semantics. Incidental helper-level commits are prohibited.",`REQUIRED`
4,phase-4.md,102,"Transaction, concurrency, and schema-integrity requirements",Transaction and concurrency requirements,TXN-003,TXN,"Never treat a database transaction and a remote provider call as one atomic transaction. Choose an explicit ordering and durable recovery design: transactional outbox for post-commit side effects, inbox/idempotency ledger for inbound events, or a staged saga with compensating action and reconciliation.",`REQUIRED` for workflows that cross systems
4,phase-4.md,103,"Transaction, concurrency, and schema-integrity requirements",Transaction and concurrency requirements,TXN-004,TXN,Store a durable idempotency key or immutable provider event/operation identifier under a unique constraint before or with the protected mutation. Replays must return or reconstruct the prior outcome rather than repeat a financial or allocation change.,"`REQUIRED` for retryable commands, webhooks, refunds, credits, provider operations, and jobs"
4,phase-4.md,104,"Transaction, concurrency, and schema-integrity requirements",Transaction and concurrency requirements,TXN-005,TXN,"Capacity-limited operations must use a database-enforced atomic decision: an atomic conditional update, lock of the authoritative capacity row followed by revalidation, exclusion/unique constraint where representable, or a serializable transaction with retry. A prior unlocked count is not sufficient.",`REQUIRED`
4,phase-4.md,105,"Transaction, concurrency, and schema-integrity requirements",Transaction and concurrency requirements,TXN-006,TXN,"Use the weakest row lock that protects the invariant. Lock rows in a consistent order, re-evaluate state after lock acquisition, and keep the lock-holding transaction short. Use `NOWAIT` only for immediate conflict semantics and `SKIP LOCKED` only where temporarily invisible locked rows are acceptable.",`STRONGLY RECOMMENDED`
4,phase-4.md,106,"Transaction, concurrency, and schema-integrity requirements",Transaction and concurrency requirements,TXN-007,TXN,"`SKIP LOCKED` may be used for multi-worker job claiming only when each job has a durable claim/status transition and eventual recovery of abandoned claims. It is inappropriate for user-facing listings, strict FIFO guarantees without further design, or any result requiring a consistent view of all eligible rows.",`CONTEXT-DEPENDENT`
4,phase-4.md,107,"Transaction, concurrency, and schema-integrity requirements",Transaction and concurrency requirements,TXN-008,TXN,Use `READ COMMITTED` by default when each statement operates on explicit rows and constraints/atomic updates protect invariants. Use repeatable read for a stable transaction snapshot when serialization anomalies are acceptable or otherwise prevented. Use serializable for cross-row or predicate invariants when its retry and overhead model is acceptable.,`CONTEXT-DEPENDENT`
4,phase-4.md,108,"Transaction, concurrency, and schema-integrity requirements",Transaction and concurrency requirements,TXN-009,TXN,"Implement optimistic concurrency with a monotonic version value or another unambiguous compare-and-swap predicate and verify the affected-row count. Return a conflict rather than silently overwriting stale administrative, moderation, profile, or game edits.",`STRONGLY RECOMMENDED` for stale-editor workflows
4,phase-4.md,109,"Transaction, concurrency, and schema-integrity requirements",Transaction and concurrency requirements,TXN-010,TXN,"Do not rely on `updated_at` alone for optimistic concurrency unless its precision, source, mutation coverage, and equality semantics make collisions impossible for the workload. Prefer a dedicated incrementing version where correctness depends on detecting every write.",`STRONGLY RECOMMENDED`
4,phase-4.md,110,"Transaction, concurrency, and schema-integrity requirements",Transaction and concurrency requirements,TXN-011,TXN,"Catch and retry only errors classified as transient for the whole transaction, including deadlock victims and serialization failures. Retries must be bounded, use backoff/jitter where contention could synchronize workers, and re-run from a clean session with the same idempotency identity.",`REQUIRED` where deadlock or stronger-isolation retries are expected
4,phase-4.md,111,"Transaction, concurrency, and schema-integrity requirements",Transaction and concurrency requirements,TXN-012,TXN,"Select `statement_timeout`, `lock_timeout`, `transaction_timeout`, and `idle_in_transaction_session_timeout` by workload class and validate them against legitimate operations. Do not use one arbitrary global value for requests, migrations, backfills, reports, and workers.",`STRONGLY RECOMMENDED`
4,phase-4.md,112,"Transaction, concurrency, and schema-integrity requirements",Transaction and concurrency requirements,TXN-013,TXN,Audit records needed to prove the committed business change should normally be inserted in the same transaction. Delivery notifications and external communications should normally be represented by an outbox record in that transaction and delivered after commit.,`STRONGLY RECOMMENDED`
4,phase-4.md,113,"Transaction, concurrency, and schema-integrity requirements",Transaction and concurrency requirements,TXN-014,TXN,"Savepoints may isolate expected per-item failures inside a larger transaction, but code must use the nested transaction handle correctly and understand that `Session.commit()` commits the outermost transaction in SQLAlchemy 2.0. Savepoints are not a substitute for idempotency or workflow-level recovery.",`CONTEXT-DEPENDENT`
4,phase-4.md,114,"Transaction, concurrency, and schema-integrity requirements",Transaction and concurrency requirements,TXN-015,TXN,"Bulk operations must define batching, transaction size, retry granularity, idempotency, validation, audit behavior, and ORM-state synchronization. Avoid one transaction whose lock duration, WAL volume, memory, or rollback cost has not been tested at production scale.",`STRONGLY RECOMMENDED`
4,phase-4.md,181,"Transaction, concurrency, and schema-integrity requirements",Schema-integrity requirements,SCHEMA-001,SCHEMA,"Every persistent entity must have a stable primary key; every required relationship must have a foreign key; logically required scalar values must be `NOT NULL`. Application validation alone is insufficient for writes from workers, migrations, administration, or concurrent code paths.",`REQUIRED`
4,phase-4.md,182,"Transaction, concurrency, and schema-integrity requirements",Schema-integrity requirements,SCHEMA-002,SCHEMA,Enforce race-sensitive identity rules with unique constraints or unique indexes. Use composites for scoped identity and partial unique indexes for “one active/open row” only after the business predicate is defined. Explicitly decide null and soft-delete semantics.,`REQUIRED` when duplicate rows would violate integrity; otherwise `CONTEXT-DEPENDENT`
4,phase-4.md,183,"Transaction, concurrency, and schema-integrity requirements",Schema-integrity requirements,SCHEMA-003,SCHEMA,"Enforce row-local invariants with check constraints: nonnegative or positive amounts where policy requires, valid ranges, end after start, permitted field combinations, conditional required fields, and coherent status/timestamp combinations. Do not use a check constraint to inspect mutable data in other rows.",`REQUIRED` for stable row-local correctness rules
4,phase-4.md,184,"Transaction, concurrency, and schema-integrity requirements",Schema-integrity requirements,SCHEMA-004,SCHEMA,"Select `CASCADE`, `RESTRICT`/`NO ACTION`, or `SET NULL` per relationship and historical requirement. Financial records, provider records, moderation findings, messages, and audit attribution must not be physically erased merely because a user, game, or venue is deleted unless an approved retention model explicitly permits it.",`REQUIRED` to define; exact action `CONTEXT-DEPENDENT`
4,phase-4.md,185,"Transaction, concurrency, and schema-integrity requirements",Schema-integrity requirements,SCHEMA-005,SCHEMA,"Use database/server defaults for values that must be valid for every insertion path, including server-generated timestamps and stable initial states. ORM defaults may improve ergonomics but must not be the sole protection.",`STRONGLY RECOMMENDED`
4,phase-4.md,186,"Transaction, concurrency, and schema-integrity requirements",Schema-integrity requirements,SCHEMA-006,SCHEMA,"Store money using either integer minor units with an explicit currency and unit contract, or exact `numeric` with justified precision/scale and a documented rounding policy. Do not use binary floating-point for authoritative monetary values. Preserve immutable historical gross, fee, tax, refund, and provider amounts needed for reconciliation.",`REQUIRED` for authoritative monetary data
4,phase-4.md,187,"Transaction, concurrency, and schema-integrity requirements",Schema-integrity requirements,SCHEMA-007,SCHEMA,"Store instants such as creation, payment, expiration, and delivery times as `timestamp with time zone` and exchange them in an unambiguous offset/UTC representation. Store date-only concepts as `date`. Preserve venue local time zone and local scheduling intent where recurrence or civil-time reconstruction requires it. Test ambiguous and nonexistent daylight-saving times.",`STRONGLY RECOMMENDED`; exact scheduling model `CONTEXT-DEPENDENT`
4,phase-4.md,188,"Transaction, concurrency, and schema-integrity requirements",Schema-integrity requirements,SCHEMA-008,SCHEMA,"Adopt soft deletion only where restoration, historical linkage, review, or delayed cleanup requires it. Use one unambiguous representation, ensure every ordinary query applies the visibility predicate, adapt uniqueness with partial indexes or retained identity rules, and test restoration and accidental visibility.",`CONTEXT-DEPENDENT`
4,phase-4.md,189,"Transaction, concurrency, and schema-integrity requirements",Schema-integrity requirements,SCHEMA-009,SCHEMA,"Choose PostgreSQL enums, check constraints, or lookup tables based on evolution needs. Stable closed values may use enums; frequently changing states generally favor checks or lookup tables. Regardless of representation, application acceptance and database enforcement must remain compatible during rolling deployments.",`CONTEXT-DEPENDENT`
4,phase-4.md,190,"Transaction, concurrency, and schema-integrity requirements",Schema-integrity requirements,SCHEMA-010,SCHEMA,"Treat extension installation and version changes as migrations. Verify availability, privileges, version, managed-service support, environment parity, upgrade behavior, and reversibility before depending on `pgcrypto`, `citext`, `uuid-ossp`, `pg_trgm`, or other extensions. No listed extension is automatically required.",`STRONGLY RECOMMENDED`
4,phase-4.md,215,"Query, indexing, pagination, and database-security requirements",Query and indexing requirements,QUERY-001,QUERY,"Add non-constraint indexes only for demonstrated query, sorting, join, or maintenance patterns. Evidence must include representative SQL, data distribution, plan, frequency, latency/resource objective, and measured improvement.",`STRONGLY RECOMMENDED`
4,phase-4.md,216,"Query, indexing, pagination, and database-security requirements",Query and indexing requirements,QUERY-002,QUERY,"Evaluate indexes on foreign-key referencing columns and frequent relation lookups, but do not assume PostgreSQL creates them automatically. Add them where delete/update checks, joins, or filtering demonstrate need.",`STRONGLY RECOMMENDED`
4,phase-4.md,217,"Query, indexing, pagination, and database-security requirements",Query and indexing requirements,QUERY-003,QUERY,"Design multicolumn indexes around actual equality, range, and ordering predicates; verify column order. Use partial indexes only when query predicates reliably imply the index predicate, and expression indexes for stable normalized lookups such as case-folded email where justified.",`CONTEXT-DEPENDENT`
4,phase-4.md,218,"Query, indexing, pagination, and database-security requirements",Query and indexing requirements,QUERY-004,QUERY,"Use B-tree for ordinary equality/range/order cases unless another access method is demonstrated. GIN, GiST, trigram, and full-text capabilities require a defined operator/query pattern, extension availability where applicable, write-cost evaluation, and production-like plan tests.",`CONTEXT-DEPENDENT`
4,phase-4.md,219,"Query, indexing, pagination, and database-security requirements",Query and indexing requirements,QUERY-005,QUERY,"Review critical queries with `EXPLAIN`; use `EXPLAIN ANALYZE` only where executing the statement is safe, preferably in a controlled environment or inside a rollbackable transaction when side effects are fully understood. Include buffers and actual-versus-estimated rows where needed.",`STRONGLY RECOMMENDED`
4,phase-4.md,220,"Query, indexing, pagination, and database-security requirements",Query and indexing requirements,QUERY-006,QUERY,"Establish ORM query budgets for high-volume paths and test for N+1 loading. Choose lazy, select-in, joined, or explicit projection loading based on cardinality and response needs; avoid materializing large object graphs or columns not returned.",`STRONGLY RECOMMENDED`
4,phase-4.md,221,"Query, indexing, pagination, and database-security requirements",Query and indexing requirements,QUERY-007,QUERY,"Verify that autovacuum and statistics collection are enabled and effective, and monitor stale statistics, dead tuples, long transactions, and query-level execution data. Consider `pg_stat_statements` only after confirming extension availability, privacy implications, and configuration.",`STRONGLY RECOMMENDED`
4,phase-4.md,222,"Query, indexing, pagination, and database-security requirements",Query and indexing requirements,QUERY-008,QUERY,"Use keyset/cursor pagination for large or frequently changing ordered datasets when deep offsets would be expensive or inconsistent. The order must be total and stable, normally business sort columns plus a unique tie-breaker; cursor filters must reproduce that lexicographic order.",`STRONGLY RECOMMENDED` for large mutable feeds; otherwise `CONTEXT-DEPENDENT`
4,phase-4.md,223,"Query, indexing, pagination, and database-security requirements",Query and indexing requirements,QUERY-009,QUERY,Cursor contents must be validated against allowed sort/filter context and protected against undetected tampering when they carry authoritative continuation state. A cursor must not permit arbitrary SQL identifiers or bypass authorization filters.,`REQUIRED` when the cursor is client-controlled
4,phase-4.md,224,"Query, indexing, pagination, and database-security requirements",Query and indexing requirements,QUERY-010,QUERY,Build indexes on live large tables using a rehearsed method that accounts for lock behavior. `CREATE INDEX CONCURRENTLY` reduces write blocking but has special transaction and failure behavior; detect and remediate invalid indexes after failure.,`STRONGLY RECOMMENDED` for large active tables
4,phase-4.md,262,"Query, indexing, pagination, and database-security requirements",Database-security requirements,DBSEC-001,DBSEC,"Bind every untrusted scalar value through SQLAlchemy/driver parameters, including textual SQL. Do not construct SQL by concatenating user input, including search values, JSON values, or migration data.",`REQUIRED`
4,phase-4.md,263,"Query, indexing, pagination, and database-security requirements",Database-security requirements,DBSEC-002,DBSEC,"Dynamic identifiers and syntax that cannot be bind parameters—column names, table names, operators, sort direction, selected JSON path structure—must be chosen from a fixed application allowlist or constructed with trusted SQLAlchemy/Psycopg identifier APIs.",`REQUIRED`
4,phase-4.md,264,"Query, indexing, pagination, and database-security requirements",Database-security requirements,DBSEC-003,DBSEC,"The runtime application role must not be a PostgreSQL superuser, database owner, schema owner, or unrestricted migration role. Grant only the object and sequence privileges required by runtime operations.",`REQUIRED`
4,phase-4.md,265,"Query, indexing, pagination, and database-security requirements",Database-security requirements,DBSEC-004,DBSEC,"Separate runtime, migration/DDL, read-only reporting, and emergency administration capabilities where their privileges differ. A separate background-worker role is required only when workers genuinely need a different privilege set.",`STRONGLY RECOMMENDED`
4,phase-4.md,266,"Query, indexing, pagination, and database-security requirements",Database-security requirements,DBSEC-005,DBSEC,"Revoke unneeded `CREATE` privileges on application-visible schemas, control ownership and default privileges, and configure a trusted `search_path`. Do not place schemas writable by untrusted roles ahead of trusted schemas.",`REQUIRED` in multi-role environments
4,phase-4.md,267,"Query, indexing, pagination, and database-security requirements",Database-security requirements,DBSEC-006,DBSEC,"Redact credentials, tokens, personal data, payment metadata, and sensitive bind values from SQL, connection, exception, and migration logs. Error responses must not expose raw database statements, schema details, or credentials.",`REQUIRED`
4,phase-4.md,268,"Query, indexing, pagination, and database-security requirements",Database-security requirements,DBSEC-007,DBSEC,"Consider row-level security only when database-enforced row scoping provides meaningful defense across trusted application paths. If used, test owner and `BYPASSRLS` behavior, policy coverage for every command, migration effects, and operational/reporting access.",`CONTEXT-DEPENDENT`
4,phase-4.md,269,"Query, indexing, pagination, and database-security requirements",Database-security requirements,DBSEC-008,DBSEC,"Keep development, test, staging, and production credentials and databases separate. Direct developer production access must be time-bounded, attributable, least privileged, and governed by an emergency-access process.",`STRONGLY RECOMMENDED`
4,phase-4.md,270,"Query, indexing, pagination, and database-security requirements",Database-security requirements,DBSEC-009,DBSEC,Extension creation and privileged functions must be restricted to approved migration/administrative roles. Review function execution privileges and security-definer behavior where custom functions exist.,`STRONGLY RECOMMENDED`
4,phase-4.md,276,Alembic migration and deployment-safety requirements,,MIG-001,MIG,Maintain an intentional Alembic revision DAG. Production deployment must identify the expected head or heads; accidental branches must be merged or explicitly supported. Do not edit an already-applied revision to change production history.,`REQUIRED`
4,phase-4.md,277,Alembic migration and deployment-safety requirements,,MIG-002,MIG,"Manually review every generated migration against the intended schema and PostgreSQL operational behavior. Verify names, types, defaults, constraints, indexes, destructive operations, server expressions, extension dependencies, and data preservation.",`REQUIRED`
4,phase-4.md,278,Alembic migration and deployment-safety requirements,,MIG-003,MIG,"Use expand-and-contract for changes incompatible with concurrently running old code: add compatible structures, deploy code able to use both forms, backfill/dual-write as needed, switch reads, stop old writers, and only then remove obsolete structures.",`REQUIRED` for rolling deployments or independently deployed workers
4,phase-4.md,279,Alembic migration and deployment-safety requirements,,MIG-004,MIG,"Add a new required column to populated data through a rehearsed staged sequence: add it in a compatible form, backfill existing rows, validate completeness, arrange a safe default/write path, then enforce `NOT NULL`. Do not assume one-step alteration is safe for a large table.",`STRONGLY RECOMMENDED`; `REQUIRED` where old rows or old writers exist
4,phase-4.md,280,Alembic migration and deployment-safety requirements,,MIG-005,MIG,"For new foreign keys or large-table constraints, separate creation and validation where PostgreSQL supports it and where lock/rewrite risk justifies the complexity. Validate existing data before declaring completion.",`STRONGLY RECOMMENDED` for large active tables
4,phase-4.md,281,Alembic migration and deployment-safety requirements,,MIG-006,MIG,"Create large production indexes with the appropriate online strategy. When using PostgreSQL concurrent index creation, run it outside transaction contexts that prohibit it, monitor both phases, and detect invalid indexes left by failure before retrying or attaching a constraint.",`REQUIRED` when concurrent creation is selected
4,phase-4.md,282,Alembic migration and deployment-safety requirements,,MIG-007,MIG,"Treat long data backfills as resumable jobs unless a single migration transaction has been proven safe at production scale. Batch by a stable key, record progress, make updates idempotent, validate counts and invariants, and tolerate interruption.",`STRONGLY RECOMMENDED`
4,phase-4.md,283,Alembic migration and deployment-safety requirements,,MIG-008,MIG,"Test upgrades from both an empty database and a production-like current schema. Also test the full migration chain, expected heads, model/schema comparison, data preservation, constraints, indexes, extension parity, and the exact PostgreSQL major version intended for production.",`REQUIRED`
4,phase-4.md,284,Alembic migration and deployment-safety requirements,,MIG-009,MIG,"Every migration requires a recovery classification: transactionally reversible, safely downgradeable, forward-fix only, or recoverable only through restore/rebuild. A downgrade is not required when reversal would be destructive or misleading, but irreversibility must be explicit and rehearsed.",`REQUIRED` to classify; exact downgrade `CONTEXT-DEPENDENT`
4,phase-4.md,285,Alembic migration and deployment-safety requirements,,MIG-010,MIG,"Ensure only one coordinated migration execution changes a database lineage at a time, and verify the live Alembic revision before and after deployment. Do not allow competing deployers to race DDL or version-table updates.",`STRONGLY RECOMMENDED`
4,phase-4.md,286,Alembic migration and deployment-safety requirements,,MIG-011,MIG,"Verify extension, collation, encoding, PostgreSQL version, and Alembic/driver parity across development, CI, staging, and production. Migration behavior must be tested against PostgreSQL rather than inferred from SQLite or another database.",`REQUIRED` when the feature is PostgreSQL-specific
4,phase-4.md,287,Alembic migration and deployment-safety requirements,,MIG-012,MIG,"Renames, type changes, enum changes, drops, and table rewrites require explicit compatibility and lock analysis. Destructive cleanup must occur only after old application versions, jobs, webhooks, and rollback paths no longer use the old structure.",`REQUIRED`
4,phase-4.md,288,Alembic migration and deployment-safety requirements,,MIG-013,MIG,"Alembic environment loading must avoid unintended application startup side effects, remote calls, worker creation, or writes. Metadata imports must be deterministic and complete, including multiple metadata collections where intentionally used.",`STRONGLY RECOMMENDED`
4,phase-4.md,289,Alembic migration and deployment-safety requirements,,MIG-014,MIG,"Name constraints and indexes deterministically so that migrations can refer to, alter, and drop them reliably across environments.",`STRONGLY RECOMMENDED`
5,phase-5.md,87,Stripe requirements,,STRIPE-001,STRIPE,"The server must derive the charge amount and currency from trusted booking, pricing, and credit data; client-supplied totals may be advisory only and must be recomputed.",`REQUIRED`
5,phase-5.md,88,Stripe requirements,,STRIPE-002,STRIPE,"Each logical checkout must have a durable local operation identity linked to at most one active PaymentIntent unless an explicitly recorded replacement occurs. Reuse an existing Intent for a resumed checkout when amount, currency, customer, and business purpose remain compatible.",`REQUIRED`
5,phase-5.md,89,Stripe requirements,,STRIPE-003,STRIPE,PaymentIntent creation and other Stripe POST mutations must use a stable idempotency key tied to the business operation and retained locally through retries. A key must never be reused for a materially different parameter set.,`REQUIRED`
5,phase-5.md,90,Stripe requirements,,STRIPE-004,STRIPE,"Stripe idempotency must be supplemented by local uniqueness and operation-state controls. The database must prevent two local payments, refunds, or administrative actions from representing the same logical operation.",`REQUIRED`
5,phase-5.md,91,Stripe requirements,,STRIPE-005,STRIPE,"A PaymentIntent client secret may be returned only to the authenticated and authorized user associated with that checkout. It must not be logged, embedded in URLs, stored in analytics, included in support screenshots, or exposed to another user.",`REQUIRED`
5,phase-5.md,92,Stripe requirements,,STRIPE-006,STRIPE,Publishable keys may appear in the frontend. Secret and restricted keys must remain server-side. Webhook signing secrets are separate per endpoint and environment and must not be treated as API keys or exposed to clients.,`REQUIRED`
5,phase-5.md,93,Stripe requirements,,STRIPE-007,STRIPE,"The Payment Element may collect and tokenize payment information and drive confirmation/authentication, but the backend must create or authorize payment objects and independently establish the final application result.",`REQUIRED`
5,phase-5.md,94,Stripe requirements,,STRIPE-008,STRIPE,"A return URL or client callback must never be the sole trigger for marking a booking paid, issuing a credit, sending an official paid-game confirmation, or performing another irreversible entitlement action.",`REQUIRED`
5,phase-5.md,95,Stripe requirements,,STRIPE-009,STRIPE,The webhook endpoint must verify the `Stripe-Signature` using the endpoint’s signing secret and the exact raw request bytes before JSON transformation or business processing. Invalid signatures must not create durable financial effects.,`REQUIRED`
5,phase-5.md,96,Stripe requirements,,STRIPE-010,STRIPE,"IP allowlisting, when used, must remain defense in depth and must not replace signature verification.",`REQUIRED`
5,phase-5.md,97,Stripe requirements,,STRIPE-011,STRIPE,"Webhook ingestion must keep a ledger keyed by Stripe event ID, recording event type, API version, object ID, receipt time, processing status, attempt count, last error, and completion time. The event ID must be unique locally.",`REQUIRED`
5,phase-5.md,98,Stripe requirements,,STRIPE-012,STRIPE,"Event handlers must tolerate out-of-order and delayed events. When correctness depends on current state, retrieve the relevant Stripe object or compare provider state and timestamps instead of assuming arrival order.",`REQUIRED`
5,phase-5.md,99,Stripe requirements,,STRIPE-013,STRIPE,"Webhook ingress should authenticate, validate basic structure, durably record the event, and acknowledge promptly; lengthy provider calls, notifications, reconciliation, and image-independent business work should be deferred to durable processing.",`STRONGLY RECOMMENDED`
5,phase-5.md,100,Stripe requirements,,STRIPE-014,STRIPE,"Stripe connection errors, API errors, and timeouts without a definitive response must be recorded as indeterminate, not assumed failed. Retry with the same idempotency key where permitted, then resolve through retrieval, webhook state, or reconciliation.",`REQUIRED`
5,phase-5.md,101,Stripe requirements,,STRIPE-015,STRIPE,"API version, SDK version, webhook endpoint version, and deserialization assumptions must be explicitly recorded and tested. Version changes must use a staged migration rather than silently changing live payload structure.",`REQUIRED`
5,phase-5.md,102,Stripe requirements,,STRIPE-016,STRIPE,"Test and live mode credentials, Customers, PaymentIntents, PaymentMethods, webhook endpoints, signing secrets, and operational dashboards must remain unambiguously separated.",`REQUIRED`
5,phase-5.md,103,Stripe requirements,,STRIPE-017,STRIPE,"Secret keys should be stored in a secret-management facility, restricted by resource and stable egress IP where feasible, periodically rotated, monitored in request logs, and immediately revoked after suspected exposure.",`STRONGLY RECOMMENDED`; `REQUIRED` for no frontend/source/log exposure
5,phase-5.md,104,Stripe requirements,,STRIPE-018,STRIPE,Payment methods saved for future use must be attached through a Customer-aware PaymentIntent/SetupIntent flow and associated locally with the owning application user. A method attached to another Customer must not be usable by the requester.,`REQUIRED`
5,phase-5.md,105,Stripe requirements,,STRIPE-019,STRIPE,"Saving a method must be an explicit product decision with appropriate user disclosure and future-use configuration. Use SetupIntents for setup without payment or `setup_future_usage` when saving during payment, subject to supported payment-method behavior.",`REQUIRED` when saving methods; otherwise `NOT APPLICABLE UNDER STATED CONDITIONS`
5,phase-5.md,106,Stripe requirements,,STRIPE-020,STRIPE,"Local saved-method data must be limited to identifiers and display metadata needed by the application—such as Stripe Customer and PaymentMethod IDs, type, brand, last four digits, expiry, and selected billing-display data. Full primary account numbers, CVC values, secret keys, or raw sensitive payment payloads must not be stored or logged.",`REQUIRED`
5,phase-5.md,107,Stripe requirements,,STRIPE-021,STRIPE,"Local payment-method metadata must be treated as a cache. Before a sensitive use, verify ownership and current Stripe state; handle detached, replaced, expired, or deleted methods without trusting stale local display data.",`REQUIRED`
5,phase-5.md,108,Stripe requirements,,STRIPE-022,STRIPE,"Logs may contain Stripe object IDs, event IDs, status, amount, currency, Stripe request ID, local correlation ID, redacted idempotency fingerprint, and error class. Logs must exclude secrets, full client secrets, Authorization headers, card/CVC data, and unredacted raw payloads containing unnecessary personal data.",`REQUIRED`
5,phase-5.md,109,Stripe requirements,,STRIPE-023,STRIPE,"Stripe Dashboard launch review must verify live/test mode, webhook URL and version, enabled event categories, recent delivery health, API/request logs, payment-method configuration, team roles, MFA, restricted-key scopes, and dispute notifications without recording secret values.",`STRONGLY RECOMMENDED`
5,phase-5.md,110,Stripe requirements,,STRIPE-024,STRIPE,"Subscribe only to event categories required by the implemented payment, refund, saved-method, and dispute flows. Unknown events must be safely recorded or ignored without failing the whole endpoint.",`STRONGLY RECOMMENDED`
5,phase-5.md,116,Financial consistency requirements,,FIN-001,FIN,"The PaymentIntent is the primary Stripe payment-lifecycle object. Charges may be retained as attempt/settlement references, but local payment status must not be inferred from “a Charge exists” when the PaymentIntent is nonterminal or has multiple attempts.",`REQUIRED`
5,phase-5.md,117,Financial consistency requirements,,FIN-002,FIN,"PostgreSQL must be authoritative for booking status, capacity, application-credit ledger, administrative reason, and user-visible financial history. Stripe remains authoritative for Stripe payment, refund, PaymentMethod, Customer, and dispute state.",`REQUIRED`
5,phase-5.md,118,Financial consistency requirements,,FIN-003,FIN,"Local state must include a non-success representation for payment states such as awaiting method, awaiting confirmation/action, processing, failed, canceled, and provider outcome unknown. Unsupported provider states must not default to success.",`REQUIRED`
5,phase-5.md,119,Financial consistency requirements,,FIN-004,FIN,A synchronous Stripe response and a webhook may race. Both paths must call the same idempotent transition rules or otherwise use database concurrency controls so an older observation cannot overwrite a newer authoritative state.,`REQUIRED`
5,phase-5.md,120,Financial consistency requirements,,FIN-005,FIN,"Provider timestamps, local observation timestamps, event IDs, and object IDs must be retained sufficiently to explain ordering and prevent blind last-writer-wins updates.",`STRONGLY RECOMMENDED`
5,phase-5.md,121,Financial consistency requirements,,FIN-006,FIN,"The booking-versus-payment sequence must use one documented policy: pending booking with capacity hold, booking after confirmed payment, or another compensating design. No design may assume atomic commit across Stripe and PostgreSQL.",`REQUIRED`; exact policy `CONTEXT-DEPENDENT`
5,phase-5.md,122,Financial consistency requirements,,FIN-007,FIN,Capacity reservation and checkout creation must be concurrency-safe. Multiple simultaneous checkouts for the same user or last available place must not each create independent confirmed entitlements.,`REQUIRED`
5,phase-5.md,123,Financial consistency requirements,,FIN-008,FIN,"When Stripe succeeds but the local booking transaction fails, the system must preserve the provider identifiers and mark the operation unresolved for retry, compensation, refund, credit, or operator review; it must never discard evidence of the successful payment.",`REQUIRED`
5,phase-5.md,124,Financial consistency requirements,,FIN-009,FIN,"When local preparation succeeds but Stripe fails definitively, the local reservation or pending booking must be released, expired, or remain explicitly unpaid according to policy. It must not be presented as paid.",`REQUIRED`
5,phase-5.md,125,Financial consistency requirements,,FIN-010,FIN,"A booking canceled while payment is processing must remain in an explicit race-resolution state until the payment reaches a provider outcome; if payment later succeeds, the configured compensation path must run exactly once.",`REQUIRED`
5,phase-5.md,126,Financial consistency requirements,,FIN-011,FIN,"Every refund request must reference a specific local payment and Stripe payment/charge, validate currency and amount against the current remaining refundable amount, and carry a unique business-operation key.",`REQUIRED`
5,phase-5.md,127,Financial consistency requirements,,FIN-012,FIN,"A local refund record should be created as requested/pending before or atomically with durable scheduling of the provider action; provider success, pending, failure, and unknown outcome must be represented separately.",`REQUIRED`
5,phase-5.md,128,Financial consistency requirements,,FIN-013,FIN,"If the refund provider call succeeds but the local commit fails, retry/retrieve with the same operation identity and reconcile the Stripe Refund before creating another. If local state commits but provider execution fails, retain a failed or unresolved operation rather than marking refunded.",`REQUIRED`
5,phase-5.md,129,Financial consistency requirements,,FIN-014,FIN,"Application credits should be represented by an append-only or correction-based ledger of issuance, spend, reversal, expiration, refund-to-credit, promotion, and administrative adjustment. A mutable balance alone is insufficient as the sole record.",`STRONGLY RECOMMENDED`
5,phase-5.md,130,Financial consistency requirements,,FIN-015,FIN,"Credit issuance, spend, reversal, and refund-to-credit operations must have unique idempotency keys and immutable links to their originating booking, payment, cancellation, promotion, or administrative action.",`REQUIRED`
5,phase-5.md,131,Financial consistency requirements,,FIN-016,FIN,Concurrent credit spending must lock or atomically condition the spend against the available balance. A read-then-write sequence without concurrency control is prohibited.,`REQUIRED`
5,phase-5.md,132,Financial consistency requirements,,FIN-017,FIN,Amounts must use exact decimal or integer-minor-unit representation together with an explicit currency; binary floating-point must not be used for financial balances or refund arithmetic.,`REQUIRED`
5,phase-5.md,133,Financial consistency requirements,,FIN-018,FIN,"Whether negative balances, transferability, expiration, mixed credit/card tender, and partial credit use are permitted must be explicit product policy enforced by constraints and tests, not emergent behavior.",`CONTEXT-DEPENDENT`
5,phase-5.md,134,Financial consistency requirements,,FIN-019,FIN,"Administrative financial actions must require least-privilege authorization, current-state revalidation, a reason, preview of amount/currency/effect, explicit confirmation, operation idempotency, and an immutable audit record.",`REQUIRED`
5,phase-5.md,135,Financial consistency requirements,,FIN-020,FIN,MFA or recent reauthentication should protect privileged financial administration. Phishing-resistant authenticators should be favored for higher-risk staff. Separation of duties or dual approval is context-dependent based on transaction value and organizational risk.,MFA: `STRONGLY RECOMMENDED`; dual control: `CONTEXT-DEPENDENT`
5,phase-5.md,136,Financial consistency requirements,,FIN-021,FIN,"Manual status correction must not rewrite provider history to fabricate a Stripe outcome. It should record an override or resolution with actor, reason, prior value, evidence, and reconciliation disposition.",`REQUIRED`
5,phase-5.md,137,Financial consistency requirements,,FIN-022,FIN,Dispute events and current Dispute objects must update a local dispute record and trigger administrative review. Booking and credit effects must follow explicit policy rather than automatically assuming the original payment never existed.,`REQUIRED` for technical readiness; effects `CONTEXT-DEPENDENT`
5,phase-5.md,138,Financial consistency requirements,,FIN-023,FIN,"Reconciliation must compare Stripe PaymentIntents, Charges where needed, Refunds, and Disputes with local payments, refunds, bookings, and credits. It must detect missing records, amount/currency/status mismatches, duplicate mappings, and unresolved operations.",`REQUIRED`
5,phase-5.md,139,Financial consistency requirements,,FIN-024,FIN,"Reconciliation must paginate provider results, observe API limits, checkpoint progress, and be safely resumable. Frequency must be selected from transaction volume, asynchronous payment methods, dispute exposure, financial materiality, and staffing rather than a universal interval.",Mechanics `REQUIRED`; frequency `CONTEXT-DEPENDENT`
5,phase-5.md,140,Financial consistency requirements,,FIN-025,FIN,User notifications with financial meaning must be generated from committed state through a transactional outbox or equivalent durable mechanism and must be idempotent.,`STRONGLY RECOMMENDED`; `REQUIRED` where notice is part of a financial promise
5,phase-5.md,185,R2 and secure-upload requirements,,STORAGE-001,STORAGE,R2 credentials must remain server-side or in trusted workers. Browser uploads must use presigned URLs or temporary scoped credentials rather than long-lived Access Key ID/Secret Access Key pairs.,`REQUIRED`
5,phase-5.md,186,R2 and secure-upload requirements,,STORAGE-002,STORAGE,"Each service token must use the least R2 permission and narrowest bucket scope that supports its role. Read-only delivery, upload/processing, deletion, and configuration administration should not automatically share one broad credential.",`STRONGLY RECOMMENDED`; `REQUIRED` where broad scope is unnecessary
5,phase-5.md,187,R2 and secure-upload requirements,,STORAGE-003,STORAGE,"Development, test, and production objects must be separated by distinct buckets or equivalently strong account/bucket controls. Production credentials must not be used in local development or CI jobs that do not need production data.",`REQUIRED`
5,phase-5.md,188,R2 and secure-upload requirements,,STORAGE-004,STORAGE,Buckets must remain private unless a documented object category is intentionally public. Public access through `r2.dev` must not be used for production delivery.,`REQUIRED` for nonpublic content
5,phase-5.md,189,R2 and secure-upload requirements,,STORAGE-005,STORAGE,"Private moderation evidence, identity-related images, attachments not intended for global publication, abandoned uploads, unvalidated originals, and deleted/hidden content must never be public by default.",`REQUIRED`
5,phase-5.md,190,R2 and secure-upload requirements,,STORAGE-006,STORAGE,"Object keys must be generated by the backend, collision-resistant, and bound to an authorized owner/category. User filenames may be stored as sanitized display metadata but must not control the actual key or path.",`REQUIRED`
5,phase-5.md,191,R2 and secure-upload requirements,,STORAGE-007,STORAGE,"Object keys should avoid personal data and stable sensitive identifiers where not operationally necessary. Environment and object-category prefixes are permissible, but authorization must not depend on key secrecy.",`STRONGLY RECOMMENDED`
5,phase-5.md,192,R2 and secure-upload requirements,,STORAGE-008,STORAGE,"Overwriting an existing key must be prohibited for untrusted direct uploads unless replacement is an explicit, concurrency-controlled operation. Prefer immutable/versioned keys for published assets.",`REQUIRED`
5,phase-5.md,193,R2 and secure-upload requirements,,STORAGE-009,STORAGE,"A presigned URL must be issued only after authenticating the user, authorizing the object category and owner, creating the object key server-side, and applying the application’s configured upload limits.",`REQUIRED`
5,phase-5.md,194,R2 and secure-upload requirements,,STORAGE-010,STORAGE,"Presigned URLs must be method-, bucket-, and object-key-specific and use the shortest expiry compatible with the workflow. Signed `Content-Type` may be used as a preliminary constraint, but it is not content validation.",`REQUIRED` for method/key binding; expiry selection `CONTEXT-DEPENDENT`
5,phase-5.md,195,R2 and secure-upload requirements,,STORAGE-011,STORAGE,"Presigned URLs must be treated as bearer secrets and excluded from logs, analytics, support transcripts, referrer-bearing links, and persistent client storage. The same URL may be replayed until it expires; it is not inherently one-time-use or immediately revocable.",`REQUIRED`
5,phase-5.md,196,R2 and secure-upload requirements,,STORAGE-012,STORAGE,"Browser access to presigned or custom-domain R2 endpoints must use a narrow CORS policy listing intended production origins, methods, and headers. CORS is not an authorization control.",`REQUIRED` for browser cross-origin use
5,phase-5.md,197,R2 and secure-upload requirements,,STORAGE-013,STORAGE,"Direct-upload workflows must create a durable upload-session record before issuing authorization, including owner, intended category, object key, expected type/limit policy, expiry, and status.",`REQUIRED`
5,phase-5.md,198,R2 and secure-upload requirements,,STORAGE-014,STORAGE,"Client claims that an upload completed must be treated as a request to verify, not as proof. The backend or worker must perform `HEAD`/read checks for the expected key, size, metadata, and, where used, checksum/ETag before linking or publishing.",`REQUIRED`
5,phase-5.md,199,R2 and secure-upload requirements,,STORAGE-015,STORAGE,"An uploaded object must remain in an unvalidated, private, or quarantine state until file validation and required image processing succeed. Publication must be a separate state transition.",`REQUIRED`
5,phase-5.md,200,R2 and secure-upload requirements,,STORAGE-016,STORAGE,"Validation must use defense in depth: allowlisted extension where filenames are accepted, declared MIME check, independent signature/magic-byte check, and full image decoding. No single check may be treated as sufficient.",`REQUIRED`
5,phase-5.md,201,R2 and secure-upload requirements,,STORAGE-017,STORAGE,"The application must define business-appropriate byte-size, width, height, total-pixel, frame-count, and processing-time limits. Exact values are product/workload decisions, but enforcement before publication is mandatory.",Limits `REQUIRED`; exact values `CONTEXT-DEPENDENT`
5,phase-5.md,202,R2 and secure-upload requirements,,STORAGE-018,STORAGE,"Image processing must run with memory, disk, CPU/runtime, dimension, and sequence/frame limits and with unnecessary external delegates or dangerous coders disabled.",`REQUIRED` for untrusted image processing
5,phase-5.md,203,R2 and secure-upload requirements,,STORAGE-019,STORAGE,"SVG must be rejected, sanitized by a purpose-built process, or rendered into a safe raster form before public use. Serving arbitrary user SVG inline as ordinary trusted imagery is not acceptable.",`REQUIRED` unless SVG is explicitly excluded
5,phase-5.md,204,R2 and secure-upload requirements,,STORAGE-020,STORAGE,"Animated/multi-frame images must be explicitly accepted or rejected. If accepted, frame count, aggregate decoded size, processing time, and output behavior must be bounded.",`REQUIRED` when animation is accepted; otherwise reject
5,phase-5.md,205,R2 and secure-upload requirements,,STORAGE-021,STORAGE,Re-encoding validated raster images and stripping unnecessary EXIF and other metadata is strongly recommended for public profile and venue images. Orientation should be normalized before metadata removal.,`STRONGLY RECOMMENDED`
5,phase-5.md,206,R2 and secure-upload requirements,,STORAGE-022,STORAGE,"Antivirus or malware scanning is risk-based rather than universally mandatory for a tightly constrained decode-and-reencode raster-only workflow. It becomes strongly indicated when originals are retained/downloadable, broad formats are accepted, or files may be passed to other parsers.",`CONTEXT-DEPENDENT`
5,phase-5.md,207,R2 and secure-upload requirements,,STORAGE-023,STORAGE,"Database image records must track owner, category, original key if retained, derived keys, validation state, visibility, byte size, detected type, hash/ETag where useful, creation/update times, and deletion state. Provider metadata alone must not encode application authorization.",`REQUIRED`
5,phase-5.md,208,R2 and secure-upload requirements,,STORAGE-024,STORAGE,Original and derived objects must have explicit relationships. A thumbnail failure must not silently mark the image fully published if required derivatives are absent.,`REQUIRED` where derivatives are required
5,phase-5.md,209,R2 and secure-upload requirements,,STORAGE-025,STORAGE,"Published responses must send the detected output `Content-Type`, appropriate `Content-Disposition`, and cache policy. User-provided metadata must not control unsafe response headers. `X-Content-Type-Options: nosniff` should be applied at the delivery layer.",`REQUIRED` for correct type/header safety; `nosniff` `STRONGLY RECOMMENDED`
5,phase-5.md,210,R2 and secure-upload requirements,,STORAGE-026,STORAGE,Published assets should use immutable/versioned object keys with long-lived caching where appropriate. Replacing bytes under one public key requires explicit cache-purge handling and should not be the default.,`STRONGLY RECOMMENDED`
5,phase-5.md,211,R2 and secure-upload requirements,,STORAGE-027,STORAGE,Deletion must be a durable state transition covering original and all derived objects. Missing objects should be treated idempotently; failed deletions must be retryable and visible to operations.,`REQUIRED`
5,phase-5.md,212,R2 and secure-upload requirements,,STORAGE-028,STORAGE,"When a publicly cached object is removed or hidden, the system must use a new key strategy or purge/invalidate the relevant cache when immediate removal is required. R2 deletion alone does not guarantee immediate disappearance from a custom-domain cache.",`REQUIRED` where immediate public revocation is required
5,phase-5.md,213,R2 and secure-upload requirements,,STORAGE-029,STORAGE,"Orphan detection must compare upload sessions and database image records with R2 listings/checks and classify abandoned objects, rows without objects, objects without rows, failed derivatives, and deleted-owner content.",`REQUIRED`
5,phase-5.md,214,R2 and secure-upload requirements,,STORAGE-030,STORAGE,"Orphan cleanup must use a product-approved grace period, dry run or quarantine for ambiguous cases, idempotent deletion, pagination/checkpointing, and an operator-visible report. No universal cleanup age is prescribed.",Process `REQUIRED`; grace period `CONTEXT-DEPENDENT`
5,phase-5.md,215,R2 and secure-upload requirements,,STORAGE-031,STORAGE,"R2 lifecycle rules may expire temporary or abandoned-object prefixes, but lifecycle timing is asynchronous and must not replace application state reconciliation. Retention periods require explicit product/legal decisions.",`CONTEXT-DEPENDENT`
5,phase-5.md,216,R2 and secure-upload requirements,,STORAGE-032,STORAGE,"R2 Dashboard review must verify bucket inventory, public access, custom domains, CORS, lifecycle and lock rules, token scopes, environment separation, object/storage trends, and credential-rotation ownership without exposing credential values.",`STRONGLY RECOMMENDED`
5,phase-5.md,251,Durable background-processing requirements,,JOB-001,JOB,"Financial actions, webhook processing after acknowledgement, image validation, reconciliation, orphan cleanup, account deletion, and other work that must survive process failure must use a durable database-backed queue or dedicated/managed queue—not only FastAPI `BackgroundTasks`.",`REQUIRED`
5,phase-5.md,252,Durable background-processing requirements,,JOB-002,JOB,"In-process background tasks are acceptable only for best-effort, noncritical work whose loss on process termination is explicitly acceptable and which does not require multi-instance coordination.",`NOT APPLICABLE UNDER STATED CONDITIONS` for financial/storage consistency work; otherwise `CONTEXT-DEPENDENT`
5,phase-5.md,253,Durable background-processing requirements,,JOB-003,JOB,"A durable job record must include a unique ID, job type and schema version, status, available time, attempt count, creation/update timestamps, and a payload or durable payload reference.",`REQUIRED`
5,phase-5.md,254,Durable background-processing requirements,,JOB-004,JOB,"Jobs requiring exclusive processing must additionally track claim/lease owner, claim time, lease expiry or visibility timeout, start/completion/failure times, last error, and correlation/operation key.",`REQUIRED`
5,phase-5.md,255,Durable background-processing requirements,,JOB-005,JOB,"Priority, maximum-attempt policy, heartbeat, deadline, and dead-letter fields are conditional on workload needs, but their absence must be deliberate. Payload data sensitivity must be documented.",`CONTEXT-DEPENDENT`
5,phase-5.md,256,Durable background-processing requirements,,JOB-006,JOB,"Database-backed workers must claim jobs atomically. `SELECT … FOR UPDATE SKIP LOCKED` inside a short transaction is an appropriate PostgreSQL mechanism for queue-like tables, provided status/lease updates occur in the same transaction.",`REQUIRED` for DB queues
5,phase-5.md,257,Durable background-processing requirements,,JOB-007,JOB,Row locking during claim is not a substitute for an execution lease. The claim transaction should be short; external provider calls must not hold long database locks.,`REQUIRED`
5,phase-5.md,258,Durable background-processing requirements,,JOB-008,JOB,"Lease duration must exceed normal processing time or be renewed by heartbeat for long jobs. Lease expiry must make the job reclaimable, with the handler remaining safe if the original worker later resumes.",`REQUIRED`
5,phase-5.md,259,Durable background-processing requirements,,JOB-009,JOB,Job handlers must assume at-least-once execution. “Exactly once” may describe a queue feature but does not remove the need for idempotent application side effects across databases and external providers.,`REQUIRED`
5,phase-5.md,260,Durable background-processing requirements,,JOB-010,JOB,"Each side-effecting job must have a business idempotency identity enforced by database uniqueness or a durable side-effect marker, plus provider idempotency where available.",`REQUIRED`
5,phase-5.md,261,Durable background-processing requirements,,JOB-011,JOB,"A handler must record sufficient intermediate state to determine whether a partial operation can be resumed, safely repeated, compensated, or reconciled.",`REQUIRED`
5,phase-5.md,262,Durable background-processing requirements,,JOB-012,JOB,"A database change that must reliably cause a job, notification, or queue message should write an outbox/job row in the same PostgreSQL transaction as the domain change.",`REQUIRED`
5,phase-5.md,263,Durable background-processing requirements,,JOB-013,JOB,Outbox dispatch and downstream consumption must remain idempotent because a dispatcher can publish a message and crash before marking it sent.,`REQUIRED`
5,phase-5.md,264,Durable background-processing requirements,,JOB-014,JOB,"Retry policy must classify failures: transient network/5xx/rate-limit failures may retry; invalid payload, authorization failure, unsupported version, and invariant violations normally require correction or dead-letter handling.",`REQUIRED`
5,phase-5.md,265,Durable background-processing requirements,,JOB-015,JOB,Automatic retries should use increasing backoff and jitter and honor provider `Retry-After` or rate-limit guidance where available. No single retry count or window applies to all job types.,`STRONGLY RECOMMENDED`; exact limits `CONTEXT-DEPENDENT`
5,phase-5.md,266,Durable background-processing requirements,,JOB-016,JOB,A network timeout after a provider call must be handled as unknown outcome. The next attempt must use the same provider idempotency key or retrieve/reconcile the provider object before issuing another mutation.,`REQUIRED`
5,phase-5.md,267,Durable background-processing requirements,,JOB-017,JOB,"Maximum attempts and retry windows must be selected per job class based on provider behavior, user harm, deadlines, and operator coverage. Exhaustion must not silently discard the job.",Policy `CONTEXT-DEPENDENT`; no silent discard `REQUIRED`
5,phase-5.md,268,Durable background-processing requirements,,JOB-018,JOB,"Exhausted, invalid, repeatedly crashing, unsupported-version, or permanently provider-rejected jobs must enter a dead-letter/unresolved state visible to operators with redacted error context.",`REQUIRED`
5,phase-5.md,269,Durable background-processing requirements,,JOB-019,JOB,"Manual replay must revalidate current state, preserve the original job and audit trail, create a new attempt identity, and retain the same business idempotency identity where the operation is the same. Bulk retry requires safeguards against duplicate side effects.",`REQUIRED`
5,phase-5.md,270,Durable background-processing requirements,,JOB-020,JOB,"Job execution timeouts and provider/database timeouts must be distinct. Timeout should cancel or terminate local work safely, release/recover the lease, and preserve unknown provider outcomes for reconciliation.",`REQUIRED`
5,phase-5.md,271,Durable background-processing requirements,,JOB-021,JOB,Image-processing jobs should execute in an isolated process/container with hard resource limits so terminating a malicious or runaway decoder does not terminate unrelated API requests or financial workers.,`STRONGLY RECOMMENDED`
5,phase-5.md,272,Durable background-processing requirements,,JOB-022,JOB,"Scheduled jobs must prevent duplicate logical runs through a unique schedule-run key, database advisory lock, leader election, or equivalent. The job itself must remain idempotent because scheduler coordination can fail.",`REQUIRED`
5,phase-5.md,273,Durable background-processing requirements,,JOB-023,JOB,"Scheduled-run policy must define time zone, daylight-saving behavior, missed-run catch-up, overlap, and maximum tolerated lateness. These values are workload decisions.",`CONTEXT-DEPENDENT`
5,phase-5.md,274,Durable background-processing requirements,,JOB-024,JOB,"Job payloads must not contain Stripe secret keys, webhook secrets, full client secrets, Firebase tokens, raw card data, or unnecessarily persistent presigned URLs. Prefer database/provider references over duplicated sensitive payloads.",`REQUIRED`
5,phase-5.md,275,Durable background-processing requirements,,JOB-025,JOB,Job payloads must be schema-versioned. Workers must reject or dead-letter unsupported future versions rather than interpreting them incorrectly. Rolling deployment must ensure producers do not emit versions older workers cannot safely process.,`REQUIRED`
5,phase-5.md,276,Durable background-processing requirements,,JOB-026,JOB,"Workers must support graceful shutdown: stop claiming new jobs, complete or safely checkpoint in-flight work within a bounded period, and allow expired leases to be reclaimed after forced termination.",`REQUIRED`
5,phase-5.md,277,Durable background-processing requirements,,JOB-027,JOB,"Worker health must expose at least queue depth or pending count, oldest pending age, claim/processing rate, retry rate, failure rate, dead-letter count, lease-expiry count, and worker version. Thresholds are workload-specific.",`STRONGLY RECOMMENDED`
5,phase-5.md,278,Durable background-processing requirements,,JOB-028,JOB,Priority queues must prevent indefinite starvation of lower-priority work. Batch claiming must be bounded so one worker cannot monopolize the queue.,`CONTEXT-DEPENDENT`
6,phase-6.md,82,React and Vite production requirements,,FE-001,FE,All deployable frontend artifacts must be produced by a successful `vite build` or an equivalently configured production build. The development server and `vite preview` must not serve production traffic.,REQUIRED
6,phase-6.md,83,React and Vite production requirements,,FE-002,FE,"CI must select and record the intended Vite mode and must validate that mode, `NODE_ENV`, API base URL, environment identifier, and feature-flag inputs are mutually consistent. Invalid or missing mandatory values must fail the build.",REQUIRED
6,phase-6.md,84,React and Vite production requirements,,FE-003,FE,"The built artifact must be inspected—not merely the source configuration—for forbidden credentials, development endpoints, localhost references, unintended environment names, and live/test provider mismatches before release.",REQUIRED
6,phase-6.md,85,React and Vite production requirements,,FE-004,FE,"The application must have a documented browser-support policy, and Vite `build.target`, polyfills, and automated browser coverage must be consistent with it. Default Vite targets may be accepted only after confirming that the product policy matches them.",REQUIRED
6,phase-6.md,86,React and Vite production requirements,,FE-005,FE,"Base paths, asset URLs, and history fallback must be validated for every deployment environment. Direct navigation and refresh of each supported client route must produce the application or an intentional server error page—not an accidental object-store 404.",REQUIRED
6,phase-6.md,87,React and Vite production requirements,,FE-006,FE,"Every Effect that allocates a subscription, event listener, timer, connection, observer, or network operation must release or cancel it during cleanup, and cleanup must be safe when setup is repeated.",REQUIRED
6,phase-6.md,88,React and Vite production requirements,,FE-007,FE,"Requests whose results are no longer relevant must be aborted or logically ignored through sequence identity, cache identity, or equivalent stale-result protection. Navigation, filter changes, logout, and identity changes must invalidate pending work.",REQUIRED
6,phase-6.md,89,React and Vite production requirements,,FE-008,FE,"List keys must represent stable domain identity and must not depend on array position where ordering, insertion, deletion, or filtering can occur. Intentional state reset must use an explicit identity boundary.",REQUIRED
6,phase-6.md,90,React and Vite production requirements,,FE-009,FE,"Inputs must maintain a deliberate controlled or uncontrolled lifecycle and must not unexpectedly switch modes. Server-generated, disabled, read-only, and hidden values must not be treated as trustworthy user authority.",REQUIRED
6,phase-6.md,91,React and Vite production requirements,,FE-010,FE,"Render-time failures in major route or feature boundaries must be contained by an error boundary or router-equivalent recovery boundary. Separate handling must exist for event-handler, asynchronous, request, and provider failures, which ordinary React error boundaries do not catch automatically.",REQUIRED
6,phase-6.md,92,React and Vite production requirements,,FE-011,FE,"API communication must use a shared contract layer that consistently applies the base URL, bearer token, timeout/cancellation policy, request identifier, content-type handling, and normalized error categories.",STRONGLY RECOMMENDED
6,phase-6.md,93,React and Vite production requirements,,FE-012,FE,Retry policy must distinguish safe/idempotent reads from mutations. Automatic mutation retry is prohibited unless the operation is idempotent by protocol or protected by a server-recognized idempotency key. Backoff must honor explicit rate-limit information where available.,REQUIRED
6,phase-6.md,94,React and Vite production requirements,,FE-013,FE,"Application caches must distinguish server state from local UI state and use identity-, role-, resource-, filter-, and environment-specific cache keys. Mutations must invalidate or update affected entries, and logout or user change must clear user-scoped state.",REQUIRED
6,phase-6.md,95,React and Vite production requirements,,FE-014,FE,"Every asynchronous screen and mutation must define initial-loading, background-refresh, empty, stale, retryable-error, permanent-error, unauthorized, deleted/hidden-resource, offline/network, and completion behavior as applicable. An indefinite spinner without timeout or recovery path is noncompliant.",REQUIRED
6,phase-6.md,96,React and Vite production requirements,,FE-015,FE,"Chunk-load and dynamic-import failure handling must offer a bounded recovery path, normally a one-time reload or navigation to a stable shell, without entering a reload loop. Releases must use cacheable fingerprinted assets and an entry document caching strategy that does not indefinitely reference deleted chunks.",REQUIRED
6,phase-6.md,97,React and Vite production requirements,,FE-016,FE,"Production source-map handling must be an explicit release decision. Public maps must be treated as public source disclosure; private maps must be access-controlled, associated with a release, uploaded without credentials, and retained only as needed.",CONTEXT-DEPENDENT
6,phase-6.md,98,React and Vite production requirements,,FE-017,FE,"Images must declare intrinsic dimensions or an equivalent aspect ratio, use responsive sources where appropriate, lazy-load noncritical content, prioritize the actual LCP image, provide alternative text according to purpose, and handle missing or expired objects without breaking layout.",STRONGLY RECOMMENDED
6,phase-6.md,99,React and Vite production requirements,,FE-018,FE,Component and state boundaries must follow change ownership: transient UI state remains local; server state uses a query/cache boundary; authentication and environment state have explicit providers; global mutable state may be introduced only for documented cross-feature requirements.,CONTEXT-DEPENDENT
6,phase-6.md,107,"Frontend security, privacy, accessibility, and performance requirements",,FESEC-001,FESEC,"No confidential value may be referenced through `import.meta.env`, a `VITE_` variable, HTML replacement, bundled JSON, source map, or other browser-delivered artifact.",REQUIRED
6,phase-6.md,108,"Frontend security, privacy, accessibility, and performance requirements",,FESEC-002,FESEC,"Firebase web configuration and Stripe publishable keys may appear in the browser when intended for their public SDK roles. Stripe secret keys, webhook secrets, payment-provider restricted keys, Firebase service-account credentials, database URLs, and R2 access credentials must remain server-side.",REQUIRED
6,phase-6.md,109,"Frontend security, privacy, accessibility, and performance requirements",,FESEC-003,FESEC,"User-generated text must be rendered through React’s ordinary escaped text path. Any HTML, Markdown-derived HTML, rich text, SVG markup, or `dangerouslySetInnerHTML` use requires a documented need, an actively maintained allowlist sanitizer, and adversarial tests.",REQUIRED
6,phase-6.md,110,"Frontend security, privacy, accessibility, and performance requirements",,FESEC-004,FESEC,"Direct DOM injection sinks—including `innerHTML`, `outerHTML`, `insertAdjacentHTML`, string-to-code execution, and unsafe template APIs—must be prohibited for untrusted data. Safe text and attribute APIs must be used unless the content is sanitized for the exact sink.",REQUIRED
6,phase-6.md,111,"Frontend security, privacy, accessibility, and performance requirements",,FESEC-005,FESEC,"User-controlled navigation destinations must be parsed with the URL API and validated against an explicit policy. Internal return paths should be relative or identifier-mapped; external destinations require allowed schemes and, where risk warrants, allowed hosts. `javascript:` and unintended `data:` destinations must be rejected.",REQUIRED
6,phase-6.md,112,"Frontend security, privacy, accessibility, and performance requirements",,FESEC-006,FESEC,Links that open an untrusted external page in a new browsing context must prevent opener control. Referrer suppression is a separate privacy decision and must not be confused with opener isolation.,REQUIRED
6,phase-6.md,113,"Frontend security, privacy, accessibility, and performance requirements",,FESEC-007,FESEC,"Client-side public, authenticated, and administrator route guards must be treated only as presentation and navigation controls. Every protected operation and object access must remain enforceable by the backend on each request.",REQUIRED
6,phase-6.md,114,"Frontend security, privacy, accessibility, and performance requirements",,FESEC-008,FESEC,"Authentication persistence must be selected through a threat model covering XSS exposure, shared devices, multi-tab behavior, usability, and provider SDK behavior. Tokens must never be logged, placed in URLs, analytics, traces, screenshots, or error messages.",REQUIRED
6,phase-6.md,115,"Frontend security, privacy, accessibility, and performance requirements",,FESEC-009,FESEC,"Persistent browser storage must not contain payment credentials, administrator data, private messages, unrestricted presigned URLs, or other sensitive records unless a documented offline/persistence requirement and compensating controls justify it. Storage unavailability and eviction must not corrupt the application.",REQUIRED
6,phase-6.md,116,"Frontend security, privacy, accessibility, and performance requirements",,FESEC-010,FESEC,"Sign-out, user switching, role removal, suspension, or account deletion must clear or invalidate user-scoped memory, query caches, persistent storage, saved service-worker responses, provider state, and pending requests before another identity can reuse them.",REQUIRED
6,phase-6.md,117,"Frontend security, privacy, accessibility, and performance requirements",,FESEC-011,FESEC,"Third-party JavaScript must have an owner, purpose, data-flow review, version/update mechanism, failure behavior, and removal process. CSP, Trusted Types, SRI, self-hosting, npm bundling, or direct provider hosting must be selected according to how the provider distributes and updates the script.",REQUIRED
6,phase-6.md,118,"Frontend security, privacy, accessibility, and performance requirements",,FESEC-012,FESEC,"A Content Security Policy and Trusted Types enforcement should be evaluated and progressively deployed using reporting before enforcement. They are defense-in-depth and do not replace output encoding, sanitization, or safe DOM APIs.",STRONGLY RECOMMENDED
6,phase-6.md,119,"Frontend security, privacy, accessibility, and performance requirements",,FESEC-013,FESEC,"Frontend telemetry must use a field-level allowlist or equivalent redaction that excludes bearer tokens, payment client secrets, presigned URLs, messages, form values, email addresses unless justified, administrator content, and provider credentials. Session replay requires separate masking and privacy approval.",REQUIRED
6,phase-6.md,120,"Frontend security, privacy, accessibility, and performance requirements",,FESEC-014,FESEC,"Payment Element data must remain inside provider-controlled boundaries. The frontend may handle the publishable key and scoped client secret required by the integration, but must not log or persist that client secret and must never handle live secret API keys or real card data in CI.",REQUIRED
6,phase-6.md,126,"Frontend security, privacy, accessibility, and performance requirements",,UX-001,UX,"The product must establish a documented accessibility conformance target. WCAG 2.2 Level AA is the recommended production baseline; once adopted, every applicable Level A and AA success criterion is a requirement, not an optional checklist item.",STRONGLY RECOMMENDED
6,phase-6.md,127,"Frontend security, privacy, accessibility, and performance requirements",,UX-002,UX,"Native semantic HTML must be preferred. Navigation, headings, landmarks, lists, tables, buttons, links, fields, and labels must expose correct names, roles, values, relationships, and reading order. ARIA must not be used to imitate semantics already supplied by native elements.",REQUIRED under the adopted WCAG target
6,phase-6.md,128,"Frontend security, privacy, accessibility, and performance requirements",,UX-003,UX,"All functionality must be operable by keyboard without a trap; focus order must be logical and focus indicators visible. Opening a modal must move focus appropriately, contain modal tab navigation, make background content inert, and restore focus on close.",REQUIRED under the adopted WCAG target
6,phase-6.md,129,"Frontend security, privacy, accessibility, and performance requirements",,UX-004,UX,"Forms must provide persistent programmatic labels, instructions, accessible field-level errors, a discoverable form-level summary where useful, and status announcements for asynchronous validation and submission. Error identification must not depend only on color.",REQUIRED under the adopted WCAG target
6,phase-6.md,130,"Frontend security, privacy, accessibility, and performance requirements",,UX-005,UX,"Loading, payment processing, upload processing, success, notification, and failure changes that do not move focus must be programmatically announced with appropriately noninterruptive or assertive status semantics. Announcements must not repeat continuously during background refresh.",REQUIRED under the adopted WCAG target
6,phase-6.md,131,"Frontend security, privacy, accessibility, and performance requirements",,UX-006,UX,"Interfaces must remain usable with browser zoom, text resizing, narrow viewport reflow, orientation changes, on-screen keyboards, safe areas, long content, and localization expansion. Hover-only or fine-pointer-only interactions are prohibited. Fixed breakpoints are not mandated; demonstrated behavior is.",REQUIRED under applicable WCAG criteria
6,phase-6.md,132,"Frontend security, privacy, accessibility, and performance requirements",,UX-007,UX,"Color contrast, non-color cues, target size, focus appearance, reduced-motion preferences, image alternatives, and nontext-content treatment must meet every applicable criterion in the chosen WCAG version and level.",REQUIRED under the adopted WCAG target
6,phase-6.md,133,"Frontend security, privacy, accessibility, and performance requirements",,UX-008,UX,"Composite widgets such as tabs, menus, and dialogs must follow a documented keyboard model and state semantics consistent with native behavior or WAI-ARIA APG patterns. A component library does not remove the need for runtime verification.",REQUIRED where such widgets exist
6,phase-6.md,134,"Frontend security, privacy, accessibility, and performance requirements",,UX-009,UX,"Production performance must measure LCP, INP, and CLS in field data. The current authoritative “good” thresholds are LCP ≤2.5 seconds, INP ≤200 milliseconds, and CLS ≤0.1 at the 75th percentile, separately for mobile and desktop.",STRONGLY RECOMMENDED
6,phase-6.md,135,"Frontend security, privacy, accessibility, and performance requirements",,UX-010,UX,"CI and pre-release testing should track laboratory performance for representative routes, devices, and network conditions. Project-specific budgets for JavaScript, images, long tasks, route waterfalls, and critical requests must be derived from field baselines and product goals rather than arbitrary universal limits.",STRONGLY RECOMMENDED
6,phase-6.md,136,"Frontend security, privacy, accessibility, and performance requirements",,UX-011,UX,"The browser-support policy must consider Chrome, Firefox, Safari, Edge, relevant mobile browsers, Firebase and Stripe support, and assistive-technology combinations. Automated coverage must be supplemented by manual device and assistive-technology testing selected from usage and risk data.",REQUIRED
6,phase-6.md,137,"Frontend security, privacy, accessibility, and performance requirements",,UX-012,UX,"Failure of analytics, error monitoring, optional maps, chat widgets, or other nonessential third-party services must not block core navigation, authentication, booking, messaging, or payment recovery. Service-worker/offline behavior is not required unless explicitly adopted.",STRONGLY RECOMMENDED
6,phase-6.md,188,Testing strategy and production-quality requirements,,TEST-001,TEST,"Pure formatting, parsing, validation, date/time conversion, calculation, reducer, permission-display, API-mapping, and error-mapping logic must have deterministic unit tests, especially around boundary and invalid inputs.",REQUIRED where such logic is material
6,phase-6.md,189,Testing strategy and production-quality requirements,,TEST-002,TEST,"React component tests must assert user-visible behavior through roles, names, labels, text, and keyboard interactions. Private state, implementation methods, CSS structure, and shallow-render internals must not be the primary contract.",REQUIRED
6,phase-6.md,190,Testing strategy and production-quality requirements,,TEST-003,TEST,"Component tests must cover loading, empty, stale, error, unauthorized, disabled, retry, success, and double-submission states applicable to the component. Asynchronous assertions must wait on observable outcomes rather than arbitrary delay.",REQUIRED
6,phase-6.md,191,Testing strategy and production-quality requirements,,TEST-004,TEST,"Mocks, spies, fake timers, environment changes, and shared module state must be restored between tests. Fake timers may be used only when the tested clock is under project control and must not obscure unresolved promises or browser scheduling behavior.",REQUIRED
6,phase-6.md,192,Testing strategy and production-quality requirements,,TEST-005,TEST,"The API client must be tested against successful JSON, empty response, malformed JSON, non-JSON error, validation error, unauthenticated, forbidden, rate-limited, server, timeout, cancellation, and offline/network outcomes.",REQUIRED
6,phase-6.md,193,Testing strategy and production-quality requirements,,TEST-006,TEST,"Backend unit/service tests must isolate pure policy and transformation logic, while API integration tests must exercise FastAPI routing, dependency wiring, serialization, validation, error contracts, and real authorization behavior.",REQUIRED
6,phase-6.md,194,Testing strategy and production-quality requirements,,TEST-007,TEST,"Dependency overrides must be scoped and restored after each test or suite. Authentication may be replaced for tests of unrelated behavior, but dedicated authorization tests must exercise the real application authorization path rather than an always-allow override.",REQUIRED
6,phase-6.md,195,Testing strategy and production-quality requirements,,TEST-008,TEST,"PostgreSQL-dependent behavior must be tested against PostgreSQL. SQLite may be used for narrowly scoped tests only when the team demonstrates that dialect, type, constraint, concurrency, default, and transaction differences are irrelevant to those tests.",REQUIRED for PostgreSQL-specific behavior
6,phase-6.md,196,Testing strategy and production-quality requirements,,TEST-009,TEST,"Database tests must use a dedicated nonproduction database, deterministic factories, isolated transactions or schema/database reset, and cleanup that succeeds even after test failure. Tests must remain order-independent and safe under configured parallelism.",REQUIRED
6,phase-6.md,197,Testing strategy and production-quality requirements,,TEST-010,TEST,"Authentication and authorization coverage must include anonymous, authenticated owner, different user, suspended/deleted user, administrator, removed administrator, expired/revoked token, stale role, cross-user object ID, privileged-field injection, hidden route, and direct API access.",REQUIRED
6,phase-6.md,198,Testing strategy and production-quality requirements,,TEST-011,TEST,"Mocked browser tests must serve the normal frontend while intercepting API/provider traffic at the browser boundary to deterministically exercise rare, error, empty, delayed, malformed, and out-of-order conditions. Their contract-drift limitation must be documented.",STRONGLY RECOMMENDED
6,phase-6.md,199,Testing strategy and production-quality requirements,,TEST-012,TEST,"Full-stack browser tests must use the built React application, real FastAPI application, real PostgreSQL test database, controlled authentication, and no production data or live provider charges. Critical workflows must validate durable server state, not only visible success messages.",REQUIRED
6,phase-6.md,200,Testing strategy and production-quality requirements,,TEST-013,TEST,"Stripe testing must use a sandbox or test mode, test keys, and documented test payment methods; real card data and live charges are prohibited in automated tests. Success, decline, additional authentication, processing, refresh, duplicate confirmation, timeout, refund, and reconciliation paths require coverage appropriate to risk.",REQUIRED
6,phase-6.md,201,Testing strategy and production-quality requirements,,TEST-014,TEST,"Upload tests must distinguish filename extension, declared MIME type, actual file structure, dimensions, size, authorization, signed-URL expiry, object-key mismatch, missing/deleted objects, abandoned uploads, and duplicate completion.",REQUIRED
6,phase-6.md,202,Testing strategy and production-quality requirements,,TEST-015,TEST,"Concurrency tests must deterministically coordinate competing operations—using barriers, controlled transactions, provider replay, or known scheduling points—for final-slot booking, waitlist promotion, duplicate webhook/refund/credit, provisioning, concurrent administration, and payment-versus-cancellation. Random sleeps are insufficient.",REQUIRED
6,phase-6.md,203,Testing strategy and production-quality requirements,,TEST-016,TEST,"Migration tests must create or restore a production-like prior schema, apply pending migrations, verify application startup and representative reads/writes, and where rollback is claimed, test the documented rollback procedure.",REQUIRED
6,phase-6.md,204,Testing strategy and production-quality requirements,,TEST-017,TEST,"Test data must be synthetic or irreversibly transformed, reproducible, timezone-aware, capable of expressing relationships and financial edge cases, and free of production credentials and unnecessary personal data. Random generation must record or fix its seed on failure.",REQUIRED
6,phase-6.md,205,Testing strategy and production-quality requirements,,TEST-018,TEST,"Playwright tests must use isolated browser contexts, semantic locators, web-first assertions, and condition-based waits. Arbitrary sleeps, brittle DOM/CSS selectors, and XPath should be treated as exceptions requiring documented justification.",REQUIRED
6,phase-6.md,206,Testing strategy and production-quality requirements,,TEST-019,TEST,"Saved Playwright authentication state must be treated as a credential, excluded from source control and general artifacts, isolated by role and environment, rotated or recreated as needed, and never contain production sessions.",REQUIRED
6,phase-6.md,207,Testing strategy and production-quality requirements,,TEST-020,TEST,"CI browser failures must retain bounded diagnostic artifacts such as trace, screenshot, console/network summary, and relevant sanitized server logs. Video should be retained selectively where it adds diagnostic value. Artifacts must be scanned or redacted for secrets.",STRONGLY RECOMMENDED
6,phase-6.md,208,Testing strategy and production-quality requirements,,TEST-021,TEST,"Retries may classify and collect evidence about flaky tests, but a test that passes only on retry must remain visible and owned. Persistent flakiness must block or be quarantined under a time-bounded exception; retries must not convert recurring defects into clean status.",REQUIRED
6,phase-6.md,209,Testing strategy and production-quality requirements,,TEST-022,TEST,"Statement, branch, function, requirements, and critical-workflow coverage must be reported separately. Gates must be based on historical baseline, risk, and changed-code expectations. No universal percentage is established by the authoritative sources; exclusions require review.",STRONGLY RECOMMENDED
6,phase-6.md,251,Continuous-integration and software supply-chain requirements,,CI-001,CI,"Every pull request must run from a clean checkout of the reviewed revision and use an explicitly supported Node, npm, Python, and package-manager version. Toolchain changes must be reviewable.",REQUIRED
6,phase-6.md,252,Continuous-integration and software supply-chain requirements,,CI-002,CI,JavaScript dependencies must be installed from a committed lockfile using a frozen clean-install operation such as `npm ci`. A mismatch between `package.json` and the lockfile must fail rather than rewrite the lockfile.,REQUIRED
6,phase-6.md,253,Continuous-integration and software supply-chain requirements,,CI-003,CI,"Python dependency resolution must use a committed, reviewable mechanism that fixes or hashes the complete deployable dependency set. The specific package manager is context-dependent, but CI must not silently resolve unconstrained production dependencies.",REQUIRED
6,phase-6.md,254,Continuous-integration and software supply-chain requirements,,CI-004,CI,"Formatting verification, JavaScript/React linting, Python linting, frontend type checking, and backend type checking where adopted must run noninteractively and fail on newly introduced blocking violations. Suppressions require local justification.",REQUIRED
6,phase-6.md,255,Continuous-integration and software supply-chain requirements,,CI-005,CI,"Secret scanning must cover commits and pull-request diffs and should cover repository history, CI logs, bundles, source maps, test fixtures, screenshots, traces, artifacts, and container layers. A confirmed credential exposure requires revocation/rotation, not only deletion.",REQUIRED
6,phase-6.md,256,Continuous-integration and software supply-chain requirements,,CI-006,CI,"Pull requests that change dependency manifests or lockfiles must receive dependency review identifying added, removed, or changed transitive packages and known advisories. High-risk changes require owner review.",REQUIRED
6,phase-6.md,257,Continuous-integration and software supply-chain requirements,,CI-007,CI,"Static security analysis must inspect directly relevant unsafe patterns, including raw HTML sinks, dangerous URL construction, command or subprocess injection, unsafe SQL construction, workflow expression injection, and hard-coded credentials. No single analyzer is sufficient proof of safety.",STRONGLY RECOMMENDED
6,phase-6.md,258,Continuous-integration and software supply-chain requirements,,CI-008,CI,"Pull requests must run frontend unit/component tests, backend unit/integration tests, and all deterministic required negative security tests. Test reports and coverage artifacts must be published even on failure where safe.",REQUIRED
6,phase-6.md,259,Continuous-integration and software supply-chain requirements,,CI-009,CI,Schema-changing pull requests must run migration verification against PostgreSQL. Every release candidate must verify that the deployable backend artifact and migration set are mutually compatible.,REQUIRED
6,phase-6.md,260,Continuous-integration and software supply-chain requirements,,CI-010,CI,"CI must create the exact production frontend build and backend package/container intended for release. A production build failure, forbidden bundle value, missing asset, or invalid container build must block release.",REQUIRED
6,phase-6.md,261,Continuous-integration and software supply-chain requirements,,CI-011,CI,"Required browser tests must run against a production build. The blocking pull-request subset must cover critical deterministic workflows; broader browser, device, provider, and long-running suites may run on merge, release, or schedule according to risk.",REQUIRED
6,phase-6.md,262,Continuous-integration and software supply-chain requirements,,CI-012,CI,Required status checks and required reviews must protect the default and release branches. Force pushes and deletion must be disabled absent a documented emergency procedure; bypass authority must be restricted and auditable.,REQUIRED
6,phase-6.md,263,Continuous-integration and software supply-chain requirements,,CI-013,CI,"Deployment jobs must use protected environments or equivalent approval boundaries, with separate staging and production credentials. Untrusted pull-request jobs must never gain production secrets or deployment authority.",REQUIRED
6,phase-6.md,264,Continuous-integration and software supply-chain requirements,,CI-014,CI,"Release must require successful designated checks, reviewed security exceptions, migration readiness, known-failure disposition, artifact identity, and deployment approval. Post-deployment smoke tests must verify revision identity and safe critical paths; failure must stop promotion or invoke rollback procedure.",REQUIRED
6,phase-6.md,270,Continuous-integration and software supply-chain requirements,,SUPPLY-001,SUPPLY,"Dependency manifests and lockfiles must be committed and reviewed together. Lockfile-only changes, unexpected registry changes, new install scripts, ownership changes, and large transitive additions require scrutiny.",REQUIRED
6,phase-6.md,271,Continuous-integration and software supply-chain requirements,,SUPPLY-002,SUPPLY,"Dependency updates must arrive through reviewable pull requests, separate emergency security updates from routine upgrades, consult release notes for breaking changes, and run the full relevant test/build suite. Major updates and abandoned packages require explicit migration assessment.",REQUIRED
6,phase-6.md,272,Continuous-integration and software supply-chain requirements,,SUPPLY-003,SUPPLY,"Vulnerability management must combine ecosystem advisories, dependency review, repository alerts, Python advisory sources, container/OS scanning, and code-oriented analysis as applicable. Findings require owner, severity/exploitability assessment, remediation or accepted-risk rationale, and expiry for suppressions.",REQUIRED
6,phase-6.md,273,Continuous-integration and software supply-chain requirements,,SUPPLY-004,SUPPLY,"Third-party GitHub Actions or equivalent CI extensions must be pinned to an immutable full commit SHA where the platform permits. Any human-readable tag must be informational only, and update PRs must review the new commit and action changes.",REQUIRED
6,phase-6.md,274,Continuous-integration and software supply-chain requirements,,SUPPLY-005,SUPPLY,"Each workflow and job must declare the minimum `GITHUB_TOKEN` or equivalent permissions needed. Read-only defaults are preferred; write, package, attestation, deployment, and identity-token permissions must be granted only to the jobs that use them.",REQUIRED
6,phase-6.md,275,Continuous-integration and software supply-chain requirements,,SUPPLY-006,SUPPLY,Untrusted pull-request values must not be directly interpolated into shell scripts or executable code. `pull_request_target` must not check out and execute untrusted head code with base-repository secrets; use ordinary `pull_request` for untrusted code unless a narrowly designed privileged workflow is necessary.,REQUIRED
6,phase-6.md,276,Continuous-integration and software supply-chain requirements,,SUPPLY-007,SUPPLY,"Cloud and deployment authentication should use OIDC or an equivalent federated, short-lived credential mechanism where supported. Long-lived keys require documented inability to federate, least privilege, rotation, environment isolation, and approval protection.",STRONGLY RECOMMENDED
6,phase-6.md,277,Continuous-integration and software supply-chain requirements,,SUPPLY-008,SUPPLY,CI caches must use keys that include trusted lockfile/toolchain identity and must not permit untrusted jobs to overwrite caches later consumed by privileged jobs without validation. Cache contents must never contain secrets.,REQUIRED
6,phase-6.md,278,Continuous-integration and software supply-chain requirements,,SUPPLY-009,SUPPLY,"Hosted runners are preferred for untrusted pull requests unless self-hosted runners are ephemeral, isolated, and designed for hostile code. Persistent self-hosted runners must not expose internal networks, residual credentials, or previous-job state to untrusted changes.",REQUIRED where untrusted code runs
6,phase-6.md,279,Continuous-integration and software supply-chain requirements,,SUPPLY-010,SUPPLY,"Release artifacts must carry a source revision, build identifier, cryptographic digest, environment-independent identity, and retention metadata. Promotion should reuse the same verified artifact when configuration architecture permits rather than silently rebuilding different bits for production.",STRONGLY RECOMMENDED
6,phase-6.md,280,Continuous-integration and software supply-chain requirements,,SUPPLY-011,SUPPLY,"Generate an SBOM for production container images and other distributable artifacts when supported, and retain it with artifact identity. The SBOM must include the relevant final artifact and, where risk warrants, build-stage dependencies not present in the final image.",STRONGLY RECOMMENDED
6,phase-6.md,281,Continuous-integration and software supply-chain requirements,,SUPPLY-012,SUPPLY,Build provenance or artifact attestations should be generated by the hosted build platform and verified before high-risk promotion. The target SLSA level must be selected according to product risk; the highest level is not automatically required.,STRONGLY RECOMMENDED
6,phase-6.md,282,Continuous-integration and software supply-chain requirements,,SUPPLY-013,SUPPLY,"Container build configuration must be validated and the final image must be built in CI. Build warnings, unpinned or mutable base-image policy, secret use in build arguments, and attestation disclosure must be addressed according to documented policy.",REQUIRED if containers are release artifacts
7,phase-7.md,193,Testable production controls,,DEPLOY-001,DEPLOY,"Document the production topology, trust boundaries, public entry points, private services, inbound ports, outbound provider dependencies, regions and single points of failure.",REQUIRED
7,phase-7.md,194,Testable production controls,,DEPLOY-002,DEPLOY,"Host the static frontend, API, workers and scheduler as independently deployable responsibilities; a scheduler must have singleton or duplicate-safe semantics.",STRONGLY RECOMMENDED
7,phase-7.md,195,Testable production controls,,DEPLOY-003,DEPLOY,"Keep API instances stateless with respect to authoritative sessions, rate limits, jobs, locks, uploads and user data; state needed across requests or instances must use a shared durable system.",REQUIRED
7,phase-7.md,196,Testable production controls,,DEPLOY-004,DEPLOY,"Validate all required configuration at startup and fail readiness—not silently default—when production-critical values are absent, malformed, cross-environment or unsafe.",REQUIRED
7,phase-7.md,197,Testable production controls,,DEPLOY-005,DEPLOY,"Provide distinct startup, liveness and readiness semantics where supported. Readiness must remove an instance from traffic; it must not fail merely because a noncritical external provider is transiently unavailable.",REQUIRED
7,phase-7.md,198,Testable production controls,,DEPLOY-006,DEPLOY,"On termination, stop accepting traffic, allow a documented grace period for in-flight requests and leased jobs, release leases safely, close database/provider clients, and terminate forcibly only after the grace period.",REQUIRED
7,phase-7.md,199,Testable production controls,,DEPLOY-007,DEPLOY,Configure restart policy and alerts so crashes recover but persistent startup failures produce a visible restart-loop incident rather than unlimited silent cycling.,REQUIRED
7,phase-7.md,200,Testable production controls,,DEPLOY-008,DEPLOY,"Design rolling releases so old and new frontend, API, worker, webhook and job consumers can overlap; schema changes must use a compatibility sequence or explicitly stop incompatible workloads.",REQUIRED
7,phase-7.md,201,Testable production controls,,DEPLOY-009,DEPLOY,"Every release must have a predeclared rollback or roll-forward decision, including treatment of irreversible migrations, emitted job formats, cached assets, provider settings and user-visible state.",REQUIRED
7,phase-7.md,202,Testable production controls,,DEPLOY-010,DEPLOY,"Promote the same immutable release artifact across environments; identify container and frontend releases by immutable digest/version, with retained prior artifacts sufficient for rollback.",STRONGLY RECOMMENDED
7,phase-7.md,203,Testable production controls,,DEPLOY-011,DEPLOY,"Terminate public traffic with HTTPS, use supported TLS, automate renewal, monitor certificate failure/expiry, align frontend/API domains and redirects, and remove dangling DNS when a service is retired.",REQUIRED
7,phase-7.md,204,Testable production controls,,DEPLOY-012,DEPLOY,"Measure capacity against API concurrency, DB connections, worker throughput, storage, provider quotas, log cardinality and peak operations; configure resource and budget alerts before known limits are reached.",REQUIRED
7,phase-7.md,210,Testable production controls,,CONTAINER-001,CONTAINER,"Use a multi-stage build or equivalent so compilers, Node build tools, test dependencies, package caches and other build-only material are absent from the runtime image.",STRONGLY RECOMMENDED
7,phase-7.md,211,Testable production controls,,CONTAINER-002,CONTAINER,"Use a trusted, maintained base; pin an intentional version and record the resolved digest. Rebuild and rescan when the base or dependencies receive security updates.",REQUIRED
7,phase-7.md,212,Testable production controls,,CONTAINER-003,CONTAINER,"Do not pass secrets through Dockerfile `ARG`, persistent `ENV`, copied files, labels, image layers, cache, or build logs. Use supported ephemeral build-secret mounts only when a build step truly needs a secret.",REQUIRED
7,phase-7.md,213,Testable production controls,,CONTAINER-004,CONTAINER,"Run the application as a dedicated non-root UID/GID, with only required file ownership and no dependence on writing privileged paths.",REQUIRED unless the platform provides a documented equivalent isolation boundary
7,phase-7.md,214,Testable production controls,,CONTAINER-005,CONTAINER,"Prohibit privileged mode, Docker socket mounts, host PID/network namespaces and unnecessary host-filesystem mounts; drop unneeded Linux capabilities and retain a seccomp/AppArmor/SELinux policy where supported.",REQUIRED
7,phase-7.md,215,Testable production controls,,CONTAINER-006,CONTAINER,"Use a read-only root filesystem where supported, with explicit bounded writable locations for temporary or runtime files; never use local container storage as authoritative persistence.",STRONGLY RECOMMENDED
7,phase-7.md,216,Testable production controls,,CONTAINER-007,CONTAINER,"Set CPU, memory and process limits appropriate to measured workload; monitor throttling, out-of-memory termination and crash loops.",REQUIRED
7,phase-7.md,217,Testable production controls,,CONTAINER-008,CONTAINER,Use executable-form entrypoint/command and ensure the application process receives signals directly or through a signal-aware init; do not use development reload mode in production.,REQUIRED
7,phase-7.md,218,Testable production controls,,CONTAINER-009,CONTAINER,"Exclude `.env` files, service-account files, repository metadata not needed at runtime, tests, local data, package caches, coverage output and developer artifacts through build context controls such as `.dockerignore`.",REQUIRED
7,phase-7.md,219,Testable production controls,,CONTAINER-010,CONTAINER,Scan images and dependencies before release and continuously for newly disclosed vulnerabilities; sign or attest images when the registry/platform and threat model can operationally enforce verification.,Scanning: REQUIRED; signing/enforcement: CONTEXT-DEPENDENT
7,phase-7.md,225,Testable production controls,,SECRET-001,SECRET,Store production secrets in a managed secret store or hosting-platform secret facility with access control and auditability; inject them only at runtime.,REQUIRED
7,phase-7.md,226,Testable production controls,,SECRET-002,SECRET,"Treat environment variables as an acceptable compatibility mechanism only when the platform protects them and no safer file/identity method exists; document exposure through process metadata, dumps, support tools and child processes.",STRONGLY RECOMMENDED
7,phase-7.md,227,Testable production controls,,SECRET-003,SECRET,"Scope each database, Firebase, Stripe, R2, CI, hosting, DNS, monitoring, encryption and backup credential to one environment and the minimum operations required.",REQUIRED
7,phase-7.md,228,Testable production controls,,SECRET-004,SECRET,"Prefer attached workload identity, managed identity or OIDC/workload-identity federation for Google/Firebase and CI-to-cloud access where supported; avoid downloadable service-account keys.",STRONGLY RECOMMENDED; REQUIRED where organizational policy prohibits keys
7,phase-7.md,229,Testable production controls,,SECRET-005,SECRET,"Where Stripe, R2 or another provider requires a long-lived secret, use a restricted key/token when available, store it centrally, prevent client exposure and maintain a tested replacement path.",REQUIRED
7,phase-7.md,230,Testable production controls,,SECRET-006,SECRET,"Maintain planned and emergency rotation procedures for every secret category, including dependency owners, overlap support, deployment/restart impact, validation, revocation and audit evidence. Do not invent a universal interval.",REQUIRED
7,phase-7.md,231,Testable production controls,,SECRET-007,SECRET,"Redact secrets from application logs, CI output, crash reports, traces, error-monitoring breadcrumbs, support tickets, administrative dashboards and exports; detection of a leaked token must initiate incident response.",REQUIRED
7,phase-7.md,232,Testable production controls,,SECRET-008,SECRET,"Human production access must use named accounts, provider-supported MFA, least-privilege roles and periodic review; shared day-to-day accounts are prohibited.",REQUIRED
7,phase-7.md,233,Testable production controls,,SECRET-009,SECRET,"Offboarding must remove repository, deployment, hosting, DB, Firebase, Stripe, Cloudflare, DNS, monitoring, backup and secret access, revoke sessions/tokens where supported, and transfer ownership or recovery methods.",REQUIRED
7,phase-7.md,234,Testable production controls,,SECRET-010,SECRET,"Maintain separately protected provider-owner and domain-recovery paths. Break-glass use must be logged, alerted, limited to an emergency, reviewed afterward and followed by rotation where exposure is possible.",STRONGLY RECOMMENDED; CONTEXT-DEPENDENT form
7,phase-7.md,240,Testable production controls,,OBS-001,OBS,"Emit structured records with UTC timestamp, severity, service, environment, release, event name, request/job correlation, safe route template, status/outcome and duration where applicable.",REQUIRED
7,phase-7.md,241,Testable production controls,,OBS-002,OBS,"Sanitize control characters and untrusted log fields, bound message size, and never record raw credentials, auth tokens, private-message content, card data, secret keys, database connection strings or unnecessary personal data.",REQUIRED
7,phase-7.md,242,Testable production controls,,OBS-003,OBS,"Collect container stdout/stderr and material edge, database, provider, deployment and job events centrally; protect access, encryption, export and deletion according to data classification.",REQUIRED
7,phase-7.md,243,Testable production controls,,OBS-004,OBS,"Define a documented retention and deletion policy for each telemetry class based on diagnostic, security, privacy, legal-review and cost needs. Do not retain “forever” by default.",REQUIRED
7,phase-7.md,244,Testable production controls,,OBS-005,OBS,"Measure API request volume, successful outcome/error rate, latency distributions, in-flight work, timeouts and status categories using route templates rather than raw paths.",REQUIRED
7,phase-7.md,245,Testable production controls,,OBS-006,OBS,"Measure PostgreSQL connection and pool usage, query latency, slow queries, locks/deadlocks, storage, replication if used, and maintenance/autovacuum health; alert before exhaustion becomes user impact.",REQUIRED
7,phase-7.md,246,Testable production controls,,OBS-007,OBS,"Measure worker pending count, oldest pending age, processing latency, attempts, failures, dead letters, active workers and expired leases; distinguish retryable from permanent failure.",REQUIRED
7,phase-7.md,247,Testable production controls,,OBS-008,OBS,"Monitor payment attempts and terminal outcomes, webhook delivery and processing failures, refund failures, disputes where applicable, unknown outcomes, and reconciliation mismatches against Stripe records.",REQUIRED
7,phase-7.md,248,Testable production controls,,OBS-009,OBS,"Monitor upload attempts/failures, validation/processing failures, object deletion failures, storage usage and orphan/reference mismatches; separate irreplaceable originals from derived assets.",REQUIRED
7,phase-7.md,249,Testable production controls,,OBS-010,OBS,"Do not use user IDs, emails, request IDs, provider event IDs, object keys, raw URLs or other unbounded values as metric labels. Use bounded categories and place detailed identifiers in protected logs or traces.",REQUIRED
7,phase-7.md,250,Testable production controls,,OBS-011,OBS,"Adopt distributed tracing when cross-service or asynchronous diagnosis justifies its cost; propagate standard trace context across API, provider calls and jobs, but do not propagate secrets or unnecessary identity in baggage.",CONTEXT-DEPENDENT
7,phase-7.md,251,Testable production controls,,OBS-012,OBS,"Configure frontend, backend and worker error monitoring by release and environment; protect source maps, request context, breadcrumbs and session replay with explicit privacy review and sampling.",STRONGLY RECOMMENDED; session replay CONTEXT-DEPENDENT
7,phase-7.md,252,Testable production controls,,OBS-013,OBS,"Maintain dashboards for API, database, workers, payments/webhooks/refunds, storage, authentication, moderation/admin failures, deployments, capacity, backups, provider status and cost.",REQUIRED
7,phase-7.md,253,Testable production controls,,OBS-014,OBS,"Alerts must be actionable, routed to an owner, deduplicated, suppressible during approved maintenance, tested end-to-end, and based primarily on user/business symptoms; cause alerts should aid diagnosis.",REQUIRED
7,phase-7.md,254,Testable production controls,,OBS-015,OBS,"Derive alert thresholds from baseline behavior, user impact, backlog recovery rate, provider limits, selected SLOs and response time; document the rationale and review false positives/negatives.",REQUIRED
7,phase-7.md,255,Testable production controls,,OBS-016,OBS,"Define internal SLIs for critical journeys—such as listing games, booking, payment processing, webhook processing and worker delay—and approve practical objectives; a public SLA and formal error-budget freeze policy are context-dependent.",STRONGLY RECOMMENDED
7,phase-7.md,256,Testable production controls,,OBS-017,OBS,"Use external synthetic checks for DNS, TLS, homepage and basic API availability. Authenticated booking, upload or administrative transactions require isolated test accounts, safe test mode and cleanup and are context-dependent.",Basic checks: REQUIRED; complex transactions: CONTEXT-DEPENDENT
7,phase-7.md,257,Testable production controls,,OBS-018,OBS,"Subscribe to and correlate Firebase, Stripe, Cloudflare, database, hosting and DNS provider incident notifications, but verify internal symptoms before attributing an incident solely to a provider.",STRONGLY RECOMMENDED
7,phase-7.md,263,Testable production controls,,IR-001,IR,"Maintain a concise incident-response plan defining incident criteria, severity, declaration authority, incident lead, technical lead, communications, evidence handling, escalation and closure.",REQUIRED
7,phase-7.md,264,Testable production controls,,IR-002,IR,"Establish reachable escalation for application, database, financial, provider-account, DNS/domain and privacy incidents. A staffed 24-hour on-call rotation is context-dependent on commitments and risk.",REQUIRED escalation; CONTEXT-DEPENDENT staffing model
7,phase-7.md,265,Testable production controls,,IR-003,IR,"Record a factual incident timeline, decisions, commands or configuration changes, affected releases/accounts/resources and preserved relevant logs without copying secrets unnecessarily.",REQUIRED
7,phase-7.md,266,Testable production controls,,IR-004,IR,"Secret-exposure runbooks must include immediate disable/revocation where safe, replacement, deployment dependency handling, access/session review, log search, scope determination, provider coordination and validation.",REQUIRED
7,phase-7.md,267,Testable production controls,,IR-005,IR,"Financial incidents must stop further duplicate or unsafe processing, preserve Stripe and internal event identifiers, determine all affected users/transactions, reconcile, repair through an approved process, and retain an audit trail.",REQUIRED
7,phase-7.md,268,Testable production controls,,IR-006,IR,"Define for each provider outage which functions fail closed, degrade, queue, retry or remain available; do not make the entire site unavailable solely because a noncritical dependency is down.",REQUIRED
7,phase-7.md,269,Testable production controls,,IR-007,IR,"Maintain runbooks for API/DB outage, DB connection exhaustion, failed deployment/migration, worker backlog/dead letters, Stripe webhook and reconciliation failure, R2 failure/compromise, Firebase outage, admin compromise, certificate expiry, backup failure/restore, and deletion failure.",REQUIRED
7,phase-7.md,270,Testable production controls,,IR-008,IR,"Every runbook must include trigger, impact check, prerequisites, safe diagnostic steps, containment, decision authority, rollback/recovery, validation, communications, escalation and evidence to retain.",REQUIRED
7,phase-7.md,271,Testable production controls,,IR-009,IR,"Conduct blameless post-incident review for material incidents, tracking causes, contributing controls, user/business impact, detection gaps, action owners, priority and completion evidence.",STRONGLY RECOMMENDED
7,phase-7.md,272,Testable production controls,,IR-010,IR,"Use lightweight but recorded change management: peer review, migration/config/provider-change review, owner, validation, rollback or roll-forward plan and post-deployment check. Emergency changes require retrospective review.",REQUIRED
7,phase-7.md,273,Testable production controls,,IR-011,IR,"Monitor operating cost and abuse signals across hosting, DB, R2 operations/storage, Stripe fees, Firebase, logs, metrics, CI and backups; route material anomalies to technical and financial owners.",STRONGLY RECOMMENDED
7,phase-7.md,274,Testable production controls,,IR-012,IR,Test incident communication channels and alert delivery independently of the primary application and normal identity path.,REQUIRED
7,phase-7.md,280,Testable production controls,,RECOVERY-001,RECOVERY,"Complete a business-impact assessment and approve RPO and RTO separately for PostgreSQL, R2 originals, payments/reconciliation, audit records, messages, configuration, secrets and jobs.",REQUIRED
7,phase-7.md,281,Testable production controls,,RECOVERY-002,RECOVERY,"Enable automated PostgreSQL backups with encryption, restricted backup access, monitored completion and a documented retention decision; protect backup credentials separately from normal application credentials.",REQUIRED
7,phase-7.md,282,Testable production controls,,RECOVERY-003,RECOVERY,Enable PITR when the approved database RPO cannot be met by periodic snapshots or logical backups; verify the actual WAL retention window and recovery controls in the provider.,"CONTEXT-DEPENDENT, becoming REQUIRED when selected RPO requires it"
7,phase-7.md,283,Testable production controls,,RECOVERY-004,RECOVERY,"Ensure the recovery set covers database contents plus required roles, ownership, extensions, configuration and version compatibility. A provider snapshot alone is insufficient unless restore testing proves complete recovery.",REQUIRED
7,phase-7.md,284,Testable production controls,,RECOVERY-005,RECOVERY,"Treat backup-job success as input, not proof. Restore PostgreSQL into an isolated environment and validate decryption, selected point, row/relation integrity, application startup, Firebase identity mapping, Stripe reconciliation references, R2 references and job state.",REQUIRED
7,phase-7.md,285,Testable production controls,,RECOVERY-006,RECOVERY,"Select restore-test frequency from change rate, business impact, backup technology and team capacity; execute after material backup, database-version, extension or encryption-key changes.",REQUIRED decision; frequency CONTEXT-DEPENDENT
7,phase-7.md,286,Testable production controls,,RECOVERY-007,RECOVERY,"Classify R2 objects as replaceable derivatives or irreplaceable originals. For irreplaceable objects, implement recovery protection sufficient for the approved RPO, such as bucket locks where appropriate and an independent copy or source-of-truth strategy.",REQUIRED decision; recovery copy REQUIRED when loss tolerance demands it
7,phase-7.md,287,Testable production controls,,RECOVERY-008,RECOVERY,"Do not assume unsupported R2 versioning, replication or selective backup deletion. Record the exact current account capabilities and chosen object-recovery design.",REQUIRED
7,phase-7.md,288,Testable production controls,,RECOVERY-009,RECOVERY,"Maintain recoverable records of hosting configuration, DNS, TLS, Firebase settings, Stripe webhooks/API versions, R2 settings, DB settings, IAM, monitoring, alerts, schedules and secret references through infrastructure as code or controlled configuration documentation.",REQUIRED; IaC implementation CONTEXT-DEPENDENT
7,phase-7.md,289,Testable production controls,,RECOVERY-010,RECOVERY,"Document recovery from lost MFA devices, recovery codes, provider owner accounts, registrar access, secret-manager access and backup credentials. Test the workflow without disclosing production secret values.",REQUIRED
7,phase-7.md,290,Testable production controls,,RECOVERY-011,RECOVERY,"Maintain a compromise-resistant recovery path: isolated or immutable copies where feasible, independent credentials, clean rebuild procedures, and validation that compromised identities or artifacts are not restored.",REQUIRED
7,phase-7.md,291,Testable production controls,,RECOVERY-012,RECOVERY,"Define recovery sequencing for regional/provider failure: establish control-plane access, DNS/edge, database, secrets/configuration, API/workers, object references, payment reconciliation and user communication.",REQUIRED
7,phase-7.md,292,Testable production controls,,RECOVERY-013,RECOVERY,Preserve durable deletion/anonymization tombstones or an equivalent replayable record so restoration of an older backup does not silently reactivate data previously deleted from active systems.,STRONGLY RECOMMENDED; REQUIRED where restore can reintroduce personal data
7,phase-7.md,293,Testable production controls,,RECOVERY-014,RECOVERY,"Exercise database restore, failed deployment, credential compromise, provider outage, R2 deletion, DNS recovery and financial reconciliation at a risk-based cadence, with owners and tracked corrective actions.",REQUIRED exercise program; individual frequency CONTEXT-DEPENDENT
7,phase-7.md,299,Testable production controls,,DATA-001,DATA,"Maintain an approved classification covering public, internal, confidential and highly sensitive data, including identity data, private messages, financial metadata, moderation evidence, audit records, logs, images, provider IDs and secrets.",REQUIRED
7,phase-7.md,300,Testable production controls,,DATA-002,DATA,"Collect and derive only data needed for a documented product, security, financial or operational purpose; review optional profile fields, IP/user-agent storage, provider payload copies, administrative notes, analytics, replay and debug data.",REQUIRED
7,phase-7.md,301,Testable production controls,,DATA-003,DATA,"Approve a retention schedule for every requested category—accounts, profiles, games, bookings, waitlists, messages, notices, payments/refunds/credits, Stripe identifiers, images, moderation, administrative records, logs, metrics, backups, exports and test data.",REQUIRED
7,phase-7.md,302,Testable production controls,,DATA-004,DATA,"Do not invent durations. Document for each duration the operational purpose, financial integrity, security need, user expectation, privacy impact, legal-review input, backup behavior and cost.",REQUIRED
7,phase-7.md,303,Testable production controls,,DATA-005,DATA,"Implement account deletion as a durable, retryable workflow covering Firebase identity, local account/profile, participation and hosted content, messages, notifications, images, provider references, pending jobs and applicable anonymization or restricted retention.",REQUIRED
7,phase-7.md,304,Testable production controls,,DATA-006,DATA,"For each record type, decide among hard deletion, anonymization/de-identification, soft deletion or restricted retention. Soft-deleted data must not remain generally visible or indefinitely retained without purpose.",REQUIRED decision
7,phase-7.md,305,Testable production controls,,DATA-007,DATA,"Document that deleted data may remain in immutable or rotating backups until expiry; prevent ordinary use of those copies, and reapply deletion/anonymization after restore. Do not claim selective deletion unless the backup product supports and verifies it.",REQUIRED
7,phase-7.md,306,Testable production controls,,DATA-008,DATA,"Provide authenticated operational procedures for data access, correction, export and deletion requests, including identity verification, authorization, secure format/delivery, expiration, download logging, retries and prevention of cross-user data inclusion.",REQUIRED capability where such operations are offered or required by policy
7,phase-7.md,307,Testable production controls,,DATA-009,DATA,"Administrative exports must be least-privilege, approved where risk warrants, encrypted in transit and at rest, time-limited, access-logged and automatically deleted according to policy.",REQUIRED
7,phase-7.md,308,Testable production controls,,DATA-010,DATA,"Production data must not be copied into development or test by default. Use synthetic data; any approved staging copy must be minimized, de-identified, separately authorized, protected and deleted on a documented schedule.",REQUIRED
7,phase-7.md,309,Testable production controls,,DATA-011,DATA,"Separate technical health metrics from business analytics and restrict user-level analytics identifiers and session replay under explicit purpose, access, retention and consent review.",REQUIRED distinction; analytics tooling CONTEXT-DEPENDENT
7,phase-7.md,310,Testable production controls,,DATA-012,DATA,"A privacy incident involving exports, logs, staging data, messages, images or credentials must use the incident process, preserve scope evidence, contain access and support jurisdiction-specific notification review without assuming a legal conclusion.",REQUIRED
7,phase-7.md,316,Testable production controls,,EXT-001,EXT,"Firebase production must use an identified production project separated from development/test; verify enabled providers, authorized domains, Identity Platform/MFA decision, service accounts and keys, IAM, audit availability, templates, quotas, billing and recovery owners.",REQUIRED
7,phase-7.md,317,Testable production controls,,EXT-002,EXT,Verify Firebase API-key restrictions but do not treat Firebase client API keys as authentication secrets; protect actual administrative credentials and project IAM.,REQUIRED
7,phase-7.md,318,Testable production controls,,EXT-003,EXT,"Stripe production must verify live/test separation, API version, webhook endpoints and event versions, required event selection, failed delivery monitoring, restricted keys, team roles, enforced MFA, recovery owners, disputes/payout alerts as applicable, and reconciliation access.",REQUIRED
7,phase-7.md,319,Testable production controls,,EXT-004,EXT,Stripe webhook recovery must support review and controlled replay of undelivered events with idempotent operational handling; automatic provider retry must not be the only recovery plan.,REQUIRED
7,phase-7.md,320,Testable production controls,,EXT-005,EXT,"R2 production must verify bucket identity, private/public status, custom domain, `r2.dev` status, token scopes, CORS, lifecycle rules, locks, deletion controls, usage/billing and environment separation.",REQUIRED
7,phase-7.md,321,Testable production controls,,EXT-006,EXT,"Verify managed PostgreSQL version/support status, TLS, private networking or tightly restricted ingress, database users, superuser access, connection limits, storage, backups/PITR, maintenance, upgrades, monitoring, deletion protection and recovery contacts.",REQUIRED
7,phase-7.md,322,Testable production controls,,EXT-007,EXT,"Protect registrar and DNS access with named accounts and MFA; inventory apex, `www`, API, staging, preview, webhook and R2 records; automate TLS renewal and monitor domain/certificate expiration and dangling records.",REQUIRED
7,phase-7.md,323,Testable production controls,,EXT-008,EXT,"Decide whether to enable DNSSEC based on registrar/provider support, operational competence and recovery/migration procedure; if enabled, monitor DS state and test nameserver-change procedures.",CONTEXT-DEPENDENT
7,phase-7.md,324,Testable production controls,,EXT-009,EXT,"Use CAA where supported to constrain certificate authorities and document HSTS scope, preload decision and subdomain implications; neither setting substitutes for certificate monitoring and renewal.",STRONGLY RECOMMENDED; HSTS preload CONTEXT-DEPENDENT
7,phase-7.md,325,Testable production controls,,EXT-010,EXT,"Repository and deployment access must use named roles, protected production environments, reviewed changes and short-lived OIDC/workload credentials where the platform supports them; avoid shared deploy tokens.",REQUIRED; OIDC STRONGLY RECOMMENDED
7,phase-7.md,326,Testable production controls,,EXT-011,EXT,"Subscribe named owners to provider security, outage, billing, quota, key/certificate expiration, failed backup, dispute and payout notifications relevant to enabled services; test that messages reach a monitored channel.",REQUIRED
7,phase-7.md,327,Testable production controls,,EXT-012,EXT,"Record safe evidence of provider settings without secrets: resource IDs, role names, scopes, modes, versions, dates and redacted screenshots/exports. Review dashboard drift after material change.",REQUIRED
