id,domain,requirement,classification,priority,preliminary_static_disposition,inventory_signal,required_next_verification,source_requirement_ids,final_audit_status,auditor_notes
GOV-001,Governance,"Maintain an authoritative production architecture and trust-boundary inventory covering frontend, API, workers, scheduler, PostgreSQL, Firebase, Stripe, R2, DNS/CDN, CI, monitoring, backups, public entry points, private services, regions, and single points of failure.",MUST,P0,MIXED / PARTIAL STATIC EVIDENCE,"Phase 1A general repository inventory line 155: Frontend API/Firebase/Stripe env examples CONFIRMED frontend/.env.example:1-9 | Platform and Operational Foundation, Part 1 line 252: Scheduler/cron None found None found None found None found None found None found Search for cron/APScheduler/scheduler entry points found no app scheduler runner NOT FOUND IN SUBSYSTEM",PROCESS; CONFIG; PROVIDER,DEPLOY-001; API-043; EXT-001–012,NOT AUDITED,
GOV-002,Governance,"Maintain a complete environment matrix for local, test, staging, and production. Firebase projects, Stripe modes, R2 buckets, PostgreSQL databases, domains, webhooks, secrets, logs, and CI credentials must not cross environments accidentally.",MUST,P0,MIXED / PARTIAL STATIC EVIDENCE,"Platform and Operational Foundation, Part 2 line 28: Backend CI Conditional on backend changes Python 3.12 Postgres 16 install requirements, compileall, Alembic upgrade, pytest backend/tests Workflow sets local test DB env names; no secrets.* refs found No artifacts/cache found None .github/workflows/ci.yml:93-145 CONFIRMED | Platform and Operational Foundation, Part 2 line 78: CI secret references No ${{ secrets.* }} found Workflow uses inline local test env names, not GitHub secrets .github/workflows/ci.yml:102-116; secret-ref search NOT FOUND IN SUBSYSTEM",CONFIG; PROVIDER; RUNTIME,FBAUTH-028–030; FE-002–003; STRIPE-006; STORAGE-001–004; DEPLOY-004; EXT-001–012,NOT AUDITED,
GOV-003,Governance,"Define data classifications and handling rules for public, internal, personal, private-message, financial, moderation, audit, authentication, and secret data. Classification must drive access, display, logging, caching, retention, backup, export, and deletion.",MUST,P1,STATIC EVIDENCE PRESENT,"Platform and Operational Foundation, Part 1 line 227: | Secret/token/payment/private-message redaction | No logging redaction/filter helper found in platform scan | Not applicable | Not applicable | None found | Not applicable | Logging/redaction search | NOT FOUND IN SUBSYSTEM | | Phase 1A general repository inventory line 206: Data export workflow NOT FOUND IN REPOSITORY No tracked implementation found",PROCESS; CODE; PROVIDER,SENS-001–012; DATA-001–004; AUDIT-007; API-033–034,NOT AUDITED,
GOV-004,Governance,"Assign named owners for authentication, authorization, payments, database, storage, workers, deployment, secrets, monitoring, backups, incident response, privacy operations, and provider accounts.",MUST DECIDE,P1,PROCESS / EXTERNAL EVIDENCE REQUIRED,"Phase 1A general repository inventory line 233: On-call, incident response, SLOs, runbooks, status page NOT REPOSITORY-VERIFIABLE | Platform and Operational Foundation, Part 2 line 12: Deployment secrets Provider dashboard/config Not in repo Not in repo Not in repo Not in repo Not in repo No provider dashboard access; no provider config files NOT REPOSITORY-VERIFIABLE",PROCESS; PROVIDER,AUDIT-002; SECRET-001–010; IR-001–012; EXT-001–012,NOT AUDITED,
GOV-005,Governance,"Use the normalized audit statuses PASS, PARTIAL, FAIL, NEEDS DECISION, NOT APPLICABLE, and EXTERNAL EVIDENCE REQUIRED. Every result must include evidence and a source-control reference.",MUST,P1,PROCESS / EXTERNAL EVIDENCE REQUIRED,"Platform and Operational Foundation, Part 2 line 127: Tests/builds/workflows were not run, so no pass/fail state is claimed. prompt restrictions NOT REPOSITORY-VERIFIABLE | Database Foundation and Migrations, Part 2 line 89: NOT REPOSITORY-VERIFIABLE: whether the existing database needs data normalization before these migrations is not knowable from static source alone.",PROCESS,All seven reports; consolidated checklist method,NOT AUDITED,
GOV-006,Governance,"Do not invent universal limits for request size, timeout, rate, worker count, pool size, indexes, retries, retention, RPO, RTO, or alert thresholds. Each value must have a documented basis and boundary test.",MUST DECIDE,P1,NEEDS OWNER DECISION,"Platform and Operational Foundation, Part 1 line 134: Body/request-size limits No platform middleware found Not applicable R2 has image-size config, but not platform body limit No app-level request body-size control found Targeted search; R2 max image setting at backend/services/r2_storage_service.py:111-113 NOT FOUND IN SUBSYSTEM | Platform and Operational Foundation, Part 2 line 92: Log retention None found None None None None Monitoring/retention search NOT FOUND IN SUBSYSTEM",PROCESS; RUNTIME; LOAD,"API-006–007, 016–021; DBCONN-002–004; QUERY-001–010; JOB-005–007; RECOVERY-001–014",NOT AUDITED,
GOV-007,Governance,"Record risk acceptance and exceptions with owner, justification, compensating controls, expiry or review date, and verification evidence.",MUST,P1,PROCESS / EXTERNAL EVIDENCE REQUIRED,Payments and Financial Workflows line 192: Expiration searched credit model/services/routes no expired credit status or expiry workflow found n/a n/a n/a game_credit_model.py:27-64; rg expire only found no credit expiry workflow NOT FOUND IN SUBSYSTEM,PROCESS; REPO/CI,CI-005–014; SUPPLY-001–013; IR-001–012,NOT AUDITED,
API-M01,API and HTTP,Initialize shared process-scoped resources through a controlled application lifecycle and close them during graceful teardown. Avoid unsafe import-time network or migration side effects.,SHOULD,P1,MIXED / PARTIAL STATIC EVIDENCE,"Platform and Operational Foundation, Part 1 line 34: FastAPI app is constructed at import time in backend/main.py:91-97. CONFIRMED. | Platform and Operational Foundation, Part 2 line 91: Object lifecycle rules None found None None None None Search for lifecycle policy/rule terms NOT FOUND IN SUBSYSTEM",CODE; RUNTIME,API-001; DBCONN-005,NOT AUDITED,
API-M02,API and HTTP,"Parse production configuration through typed validation. Missing, malformed, unsafe, or cross-environment values must prevent readiness rather than silently use development defaults.",MUST,P0,MIXED / PARTIAL STATIC EVIDENCE,"Platform and Operational Foundation, Part 1 line 17: Configuration and environment handling backend/main.py, backend/database.py, backend/firebase_admin_client.py, backend/services/stripe_service.py, backend/services/r2_storage_service.py, backend/services/inbox_service.py, backend/.env.example, frontend/.env.example Variable names, parsing, defaul... | Platform and Operational Foundation, Part 2 line 18: Development/test compose None found None None None None None None None Static search NOT FOUND IN SUBSYSTEM",CODE; CONFIG; RUNTIME,API-002–003; DEPLOY-004; FE-002,NOT AUDITED,
API-M03,API and HTTP,"Run Uvicorn without reload under reliable supervision. Worker count, concurrency, keep-alive, recycling, shutdown, and instance count must be deliberate and compatible with database/provider limits.",MUST,P0,STATIC GAP INDICATED,"Platform and Operational Foundation, Part 2 lines 4-10: backend hosting is only documented in README; no provider config, Docker/Compose/Procfile, runtime-version files, health-check config, migration/release step, or scaling/process configuration was found.",CONFIG; RUNTIME; LOAD,API-004–007; DEPLOY-006–007; DBCONN-002,NOT AUDITED,
API-M04,API and HTTP,"Trust forwarded scheme, host, and client-address metadata only from known immediate proxies. Define multi-hop normalization and prevent direct-origin bypass.",MUST,P0,STATIC GAP INDICATED,"Platform and Operational Foundation, Part 1 line 127: no repository-defined forwarded/proxy-header trust configuration was found.",CONFIG; RUNTIME; PROVIDER,"API-008–009, 045–046",NOT AUDITED,
API-M05,API and HTTP,"Enforce an explicit host allowlist and canonical domain policy, including deliberate preview-domain handling.",MUST,P1,STATIC GAP INDICATED,"Platform and Operational Foundation, Part 1 line 126 and Phase 1A line 168: no TrustedHost/host-validation implementation was found.",CONFIG; RUNTIME; PROVIDER,API-010; DEPLOY-011,NOT AUDITED,
API-M06,API and HTTP,"Serve public traffic only over HTTPS. Assign one layer to redirects and HSTS, verify external TLS behavior, and avoid redirect loops behind proxies.",MUST,P0,EXTERNAL EVIDENCE REQUIRED,"Phase 1A general repository inventory line 231: DNS, TLS, CDN, WAF, security monitoring NOT REPOSITORY-VERIFIABLE",PROVIDER; RUNTIME; CONFIG,"API-011, 014; DEPLOY-011",NOT AUDITED,
API-M07,API and HTTP,"Use an exact reviewed CORS origin allowlist and explicitly required methods/headers. Treat CORS as a browser policy, not authentication or authorization.",MUST,P0,MIXED / PARTIAL STATIC EVIDENCE,"Platform and Operational Foundation, Part 1 line 125: CORS CORSMiddleware Added after static mount, before route includes in code CORS_ALLOWED_ORIGINS; default localhost origins; credentials true; methods/headers * Adds CORS behavior per Starlette middleware backend/main.py:68, backend/main.py:80-106 CONFIRMED | Platform and Operational Foundation, Part 2 line 110: CORS/middleware tests No specific platform middleware/CORS test found N/A N/A Search for CORS_ALLOWED_ORIGINS/CORSMiddleware in tests NOT FOUND IN SUBSYSTEM",CODE; CONFIG; RUNTIME,API-012–013,NOT AUDITED,
API-M08,API and HTTP,"Apply security headers by response class and owning layer. Browser-document controls belong primarily on frontend HTML and interactive docs; JSON responses still require content-sniffing, cache, transport, and framing review.",MUST DECIDE,P1,STATIC GAP INDICATED,"Platform and Operational Foundation, Part 1 line 129 and Phase 1A line 168: no global security-header middleware was found.",CONFIG; RUNTIME,API-014; FESEC-012; DEPLOY-011,NOT AUDITED,
API-M09,API and HTTP,"Apply finite body, multipart, file, header, URL, query, pagination, search, export, and bulk-operation limits before expensive work. Effective limits across edge, server, parser, and application must be documented and tested.",MUST,P0,MIXED / PARTIAL STATIC EVIDENCE,"Need a Sub and Messaging, Part 1 line 10: Limits Static file inspection only. No tests, builds, migrations, DB, app imports, servers, or external services were used. CONFIRMED | Platform and Operational Foundation, Part 1 line 134: Body/request-size limits No platform middleware found Not applicable R2 has image-size config, but not platform body limit No app-level request body-size control found Targeted search; R2 max image setting at backend/services/r2_storage_service.py:111-113 NOT FOUND IN SUBSYSTEM",CODE; CONFIG; RUNTIME; LOAD,API-015–017; STORAGE-013–020,NOT AUDITED,
API-M10,API and HTTP,"Define layered connection, body-read, application, database, provider, and proxy timeout budgets. Handle cancellation and release resources; move long-running durable work out of request processes.",MUST,P0,STATIC GAP INDICATED,"Platform and Operational Foundation, Part 1 line 205: no explicit database pool timeout or related pool controls were found; no broader application/proxy/provider timeout configuration surfaced in the static inventory.",CODE; CONFIG; RUNTIME,API-018–019; JOB-001–028; DEPLOY-006,NOT AUDITED,
API-M11,API and HTTP,"Use endpoint-aware abuse controls with appropriate IP, user, token, resource, and administrative scopes. Multi-instance behavior, Retry-After, failure mode, and monitoring must be explicit.",MUST,P0,STATIC GAP INDICATED,"Platform and Operational Foundation, Part 1 line 135 and Phase 1A line 168: no platform/global rate limiter was found; only chat-specific sender checks were identified.",CODE; CONFIG; RUNTIME; PROVIDER,"API-020–021, 044; FBAUTH-018; OBS-005",NOT AUDITED,
API-M12,API and HTTP,"Return a stable, non-disclosing JSON error contract with machine code, safe message, HTTP status, and request ID. Global handling must cover validation, malformed JSON, provider/database failures, timeouts, and unexpected exceptions without exposing internals.",MUST,P0,STATIC GAP INDICATED,"Phase 1A lines 175-177 and Platform Foundation Part 1 lines 218-228: FastAPI HTTPException is used, but no custom global exception handler, request IDs, structured logging, centralized provider-error logging, or redaction filter was found.",CODE; RUNTIME,API-022–024; FE-010–012,NOT AUDITED,
API-M13,API and HTTP,"Use documented HTTP methods, status codes, content types, authentication challenges, retry semantics, and idempotent behavior. Do not mutate through safe methods or silently accept unsupported media types.",MUST,P1,STATIC EVIDENCE PRESENT,"Venues/Images/Storage, Part 1 line 179: Allowed image types get_allowed_image_types R2_ALLOWED_IMAGE_TYPES none set of MIME types default jpeg/png/webp backend/services/r2_storage_service.py:51-80 CONFIRMED | Venues/Images/Storage, Part 1 line 143: MIME type same allowed configured/default types Admin content type sent in presigned PUT params stored content_type rejects unsupported type backend/services/venue_image_service.py:145-165; r2_storage_service.py:51-57 CONFIRMED",CODE; RUNTIME; CONTRACT TEST,API-024–027,NOT AUDITED,
API-M14,API and HTTP,"Use separate request, internal, public, and administrative schemas. Filter responses, define timestamp/UUID/money/null semantics, and paginate or stream large results deliberately.",MUST,P0,MIXED / PARTIAL STATIC EVIDENCE,"Identity and Accounts, Part 1 line 92: users id UUID PK Internal app user id 0003_create_users_table.py:14-17 backend/models/user_model.py:116 CONFIRMED | Venues/Images/Storage, Part 1 line 245: Stored-object metadata table Not separate venue object metadata lives on venue_images N/A N/A N/A N/A N/A N/A no separate model found no separate migration found NOT FOUND IN SUBSYSTEM",CODE; RUNTIME; CONTRACT TEST,API-027–029; AUTHZ-011–014; SCHEMA-005–007,NOT AUDITED,
API-M15,API and HTTP,"Generate or validate request IDs, propagate safe correlation context, and emit structured access logs using route templates. Never log credentials, client secrets, presigned URLs, private messages, full payment data, or unnecessary personal data.",MUST,P0,STATIC GAP INDICATED,"Platform and Operational Foundation, Part 1 lines 131-132 and 223-227: no request/correlation ID middleware, request timing middleware, structured logging, or centralized redaction was found.",CODE; CONFIG; RUNTIME; PROVIDER,API-030–033; FBAUTH-005; AUDIT-015–016; OBS-001–004,NOT AUDITED,
API-M16,API and HTTP,"Define cache behavior for every response class. Prevent shared-cache leakage of authenticated, administrative, inbox, messaging, payment, or private data; use validators only for intentionally cacheable public resources.",MUST,P0,MIXED / PARTIAL STATIC EVIDENCE,"Phase 1A general repository inventory line 167: Private/no-store cache headers on selected routes CONFIRMED backend/routes/my_game_routes.py:15, backend/routes/game_routes.py:195-209 | Platform and Operational Foundation, Part 1 line 227: | Secret/token/payment/private-message redaction | No logging redaction/filter helper found in platform scan | Not applicable | Not applicable | None found | Not applicable | Logging/redaction search | NOT FOUND IN SUBSYSTEM |",CODE; CONFIG; RUNTIME,API-034–035; SENS-008; FESEC-009–010,NOT AUDITED,
API-M17,API and HTTP,"Provide distinct startup, liveness, and readiness semantics, minimal uncached health responses, and a non-sensitive release identifier. Detailed diagnostics must be restricted.",MUST,P1,MIXED / PARTIAL STATIC EVIDENCE,"Platform and Operational Foundation, Part 2 line 140: Any earlier health-check summary Confirmed endpoints are root / and conditional /db-health; docs/openapi routes are conditional via ENABLE_API_DOCS; no separate readiness/liveness/version/provider health endpoints found. backend/main.py:91-118 CONFIRMED | Platform and Operational Foundation, Part 1 line 248: | Readiness vs liveness distinction | Separate readiness/liveness endpoints | None found | Not applicable | Not represented | Not applicable | Health endpoint search | NOT FOUND IN SUBSYSTEM |",CODE; CONFIG; RUNTIME; PROVIDER,API-036–038; DEPLOY-005,NOT AUDITED,
API-M18,API and HTTP,"Choose and verify OpenAPI/docs exposure, maintain endpoint inventory, and manage compatibility, deprecation, and versioning deliberately. Hiding documentation must not substitute for authorization.",MUST DECIDE,P1,MIXED / PARTIAL STATIC EVIDENCE,"Platform and Operational Foundation, Part 1 line 240: | API docs exposure flag | Operational route exposure | None | Not applicable | Docs/openapi URLs set to None when disabled | None | backend/main.py:69-77, backend/main.py:91-97 | CONFIRMED | | Platform and Operational Foundation, Part 2 line 61: Metrics endpoint None found None None None None endpoint/config search NOT FOUND IN SUBSYSTEM",CODE; CONFIG; RUNTIME; CONTRACT TEST,API-039–043,NOT AUDITED,
API-M19,API and HTTP,"Keep the complete HTTP chain current and aligned on message framing. Authorized end-to-end tests must cover proxy spoofing, ambiguous framing, CORS, limits, caching, errors, timeouts, and graceful shutdown.",MUST,P1,EXTERNAL / RUNTIME EVIDENCE REQUIRED,"Platform and Operational Foundation, Part 1 line 127: Forwarded/proxy headers None found Not applicable None found No repository-defined proxy header middleware Targeted search for proxy/forwarded middleware NOT FOUND IN SUBSYSTEM | Platform and Operational Foundation, Part 2 line 19: Reverse proxy container None found None None None None None None None Static search NOT FOUND IN SUBSYSTEM",RUNTIME; SECURITY TEST; PROVIDER,API-045–046,NOT AUDITED,
IAM-001,Identity and access,"Verify every protected request with the maintained Firebase Admin SDK for the explicitly configured project. Accept only Firebase ID tokens and validate signature, issuer, audience, time, subject, and syntax.",MUST,P0,MIXED / PARTIAL STATIC EVIDENCE,"Identity and Accounts, Part 2 line 34: VITE_FIREBASE_PROJECT_ID Frontend Firebase Firebase project id No repository validation found Client-exposed frontend/.env.example:4, README.md:59 frontend/src/lib/firebase.js:9 CONFIRMED | Identity and Accounts, Part 2 line 77: Frontend Firebase env validation firebase.js passes env values to Firebase config; repository code does not validate missing values before initialization. frontend/src/lib/firebase.js:4-15 NOT FOUND IN SUBSYSTEM",CODE; RUNTIME; PROVIDER,FBAUTH-001–003,NOT AUDITED,
IAM-002,Identity and access,"Transmit bearer tokens only through HTTPS Authorization headers. Do not accept them from URLs or forms, duplicate them in browser storage, forward them unnecessarily, or expose them to logs and telemetry.",MUST,P0,STATIC EVIDENCE PRESENT,"Phase 1A general repository inventory line 109: Backend verifies Firebase bearer tokens CONFIRMED backend/firebase_admin_client.py:52-57, backend/services/auth_service.py:36-78 | Identity and Accounts, Part 2 line 69: Manual auth on /auth mutation routes /auth/sync-user, /auth/unfinished-account, and /auth/account do not use FastAPI auth dependencies, but their services parse/verify bearer tokens. backend/routes/auth_routes.py:40-66; backend/services/auth_service.py:36-78 CONFIRMED",CODE; RUNTIME; BUNDLE/LOG SCAN,"FBAUTH-004–006, 015; API-033; FESEC-008, 013",NOT AUDITED,
IAM-003,Identity and access,Make browser Firebase persistence an explicit risk decision. Token refresh and retry must be bounded and must not replay non-idempotent mutations blindly.,MUST DECIDE,P1,MIXED / PARTIAL STATIC EVIDENCE,"Admin/Moderation/Audit/Notices, Part 1 line 146: Idempotent replay create same admin + hashed key active admin none synchronous replay or conflict platform_notice_service.py:432, 437 CONFIRMED | Identity and Accounts, Part 1 line 74: verify_firebase_token Verifies Firebase ID token ID token string No local account check get_decoded_firebase_token backend/firebase_admin_client.py:52-57 CONFIRMED",CODE; RUNTIME,FBAUTH-007–008; FE-011; FESEC-008,NOT AUDITED,
IAM-004,Identity and access,"Distinguish cryptographic token validity, Firebase account validity, local account state, and current authorization. Suspension, deletion, disablement, role removal, or revocation must take effect within a documented interval across instances and caches.",MUST,P0,MIXED / PARTIAL STATIC EVIDENCE,"Identity and Accounts, Part 1 line 74: verify_firebase_token Verifies Firebase ID token ID token string No local account check get_decoded_firebase_token backend/firebase_admin_client.py:52-57 CONFIRMED | Identity and Accounts, Part 2 line 36: VITE_FIREBASE_MEASUREMENT_ID Frontend env example Documented Firebase measurement id Documented, but no usage found in inspected frontend Firebase init Client-exposed if set frontend/.env.example:8 Not found in frontend/src/lib/firebase.js NOT FOUND IN SUBSYSTEM",CODE; RUNTIME; PROVIDER,FBAUTH-009–014; ACCOUNT-001–016; AUTHZ-019,NOT AUDITED,
IAM-005,Identity and access,Provision local users idempotently by Firebase UID with uniqueness and concurrent-first-login protection. Never attach a new UID to an old account merely because an email matches.,MUST,P0,STATIC EVIDENCE PRESENT,"Identity and Accounts, Part 1 line 27: Firebase uid maps to local users.auth_user_id; current-user lookup excludes pending_deletion and deleted_at rows: backend/services/auth_service.py:22-33, 121-154. Classification: CONFIRMED. | Identity and Accounts, Part 1 line 93: users auth_user_id nullable unique Firebase uid mapping 0003_create_users_table.py:17, 39 backend/models/user_model.py:117, 48 CONFIRMED",CODE; SCHEMA; CONCURRENCY TEST,FBAUTH-019–025; ACCOUNT-001–004; SCHEMA-002,NOT AUDITED,
IAM-006,Identity and access,"Document the source of truth and synchronization policy for UID, email, verification status, display name, phone, provider links, role, account status, ownership, and permissions.",MUST DECIDE,P1,MIXED / PARTIAL STATIC EVIDENCE,"Admin/Moderation/Audit/Notices, Part 1 line 8: Source of truth: CONFIRMED current working tree, including tracked, modified, deleted, and untracked files. | Identity and Accounts, Part 2 line 72: Firebase live config Providers, authorized domains, password policy, email templates, and service account permissions are outside repository source. Firebase dashboard/external service NOT REPOSITORY-VERIFIABLE",PROCESS; CODE; RUNTIME,FBAUTH-019–025; AUTHZ-001; ACCOUNT-001–016,NOT AUDITED,
IAM-007,Identity and access,"Define operation-specific verified-email policy. Administrator identity must use a verified, currently controlled identifier; other requirements depend on abuse and recovery risk.",MUST DECIDE,P1,NOT YET MAPPED,"Phase 1A general repository inventory line 37: Backend dependencies pinned in requirements.txt CONFIRMED backend/requirements.txt:1-32 | Identity and Accounts, Part 2 line 46: Enabled auth providers, authorized domains, password policy, email action templates, service account IAM permissions, Firebase project identity, and live user records. Classification: NOT REPOSITORY-VERIFIABLE.",CODE; RUNTIME; PROVIDER,FBAUTH-016,NOT AUDITED,
IAM-008,Identity and access,Require recent authentication or step-up controls for Firebase-sensitive account changes and other approved high-risk actions. Administrator MFA is required unless a documented provider limitation and compensating control exists.,MUST,P0,NOT YET MAPPED,"Identity and Accounts, Part 2 line 28: FIREBASE_ADMIN_CREDENTIALS_JSON Backend Firebase Admin Service account JSON for token verification/email/delete helpers Required unless file path var is set; invalid JSON raises config error Server-only backend/.env.example:2-3, README.md:35 backend/firebase_admin_client.py:27-36 CONFIRMED | Identity and Accounts, Part 2 line 36: VITE_FIREBASE_MEASUREMENT_ID Frontend env example Documented Firebase measurement id Documented, but no usage found in inspected frontend Firebase init Client-exposed if set frontend/.env.example:8 Not found in frontend/src/lib/firebase.js NOT FOUND IN SUBSYSTEM",CODE; RUNTIME; PROVIDER; PROCESS,"FBAUTH-017, 029–030; ADMIN-004–008",NOT AUDITED,
IAM-009,Identity and access,"Keep account recovery and sign-in responses enumeration-resistant and abuse-controlled. Preserve recovery ownership, factor reset, and emergency revocation procedures.",MUST,P0,MIXED / PARTIAL STATIC EVIDENCE,"Identity and Accounts, Part 2 line 16: Password reset credential actions and reset pages Firebase client only Sends reset email, verifies reset code, confirms password reset frontend/src/context/authProviderCredentialActions.js:21-31; frontend/src/pages/auth/usePasswordResetForm.js:19-71 CONFIRMED | Phase 1A general repository inventory line 96: Stored procedures/triggers/views NOT FOUND IN REPOSITORY Migration scan found tables, indexes, constraints, extension use",CODE; RUNTIME; PROVIDER; PROCESS,FBAUTH-018; ADMIN-006–008,NOT AUDITED,
IAM-010,Identity and access,"Treat Firebase App Check as optional defense in depth for supported clients. It must not replace authentication, authorization, rate limiting, or replay-safe business operations.",CONDITIONAL,P2,STATIC GAP INDICATED,No App Check implementation or configuration was identified in the Identity or general repository inventories; Firebase dashboard state remains external.,CODE; RUNTIME; PROVIDER,FBAUTH-027,NOT AUDITED,
IAM-011,Identity and access,"Use managed identity, ADC, or workload-identity federation for Firebase Admin access where supported. Long-lived service-account keys require least privilege, restricted storage, inventory, rotation, monitoring, and emergency revocation.",MUST,P0,EXTERNAL EVIDENCE REQUIRED,"Identity and Accounts, Part 2 line 46: Enabled auth providers, authorized domains, password policy, email action templates, service account IAM permissions, Firebase project identity, and live user records. Classification: NOT REPOSITORY-VERIFIABLE. | Identity and Accounts, Part 2 line 72: Firebase live config Providers, authorized domains, password policy, email templates, and service account permissions are outside repository source. Firebase dashboard/external service NOT REPOSITORY-VERIFIABLE",CONFIG; PROVIDER; PROCESS,"FBAUTH-026, 028; SECRET-001–006; EXT-003",NOT AUDITED,
IAM-012,Identity and access,"Deny authorization by default on every request. A valid token is insufficient without a current local user, permitted account state, function permission, resource relationship, and valid workflow state.",MUST,P0,STATIC EVIDENCE PRESENT,"Identity and Accounts, Part 1 line 104: user_settings location permission check Valid location state values 0010_create_user_settings_table.py:26 backend/models/user_settings_model.py:15-29 CONFIRMED | Identity and Accounts, Part 1 line 82: require_active_account / require_active_user Active account dependency local User Requires account_status == ""active"" active-user routes backend/services/auth_service.py:167-179 CONFIRMED",CODE; RUNTIME,AUTHZ-001–003,NOT AUDITED,
IAM-013,Identity and access,"Enforce object, nested-resource, relationship, state, and function authorization server-side for every identifier and operation. UUID opacity, hidden routes, and frontend guards are not security controls.",MUST,P0,STATIC EVIDENCE PRESENT,"Identity and Accounts, Part 2 line 68: Frontend guards vs backend authorization Frontend route guards are navigation controls only; backend dependencies/services provide repository-verifiable authorization. frontend/src/routes/RouteGuards.jsx:28-112; backend/services/auth_service.py:167-202 CONFIRMED | Identity and Accounts, Part 2 line 24: Active-account behavior frontend guards plus backend Varies by backend route Frontend mostly checks appUser; admin frontend checks active admin. Product active-user enforcement is backend-side. frontend/src/routes/RouteGuards.jsx:28-112; backend/services/auth_service.py:167-202 CONFIRMED",CODE; RUNTIME; SECURITY TEST,AUTHZ-004–008,NOT AUDITED,
IAM-014,Identity and access,"Enforce field-level authorization with purpose-specific schemas and explicit field mapping. Reject mass assignment of roles, ownership, account state, payment state, provider IDs, timestamps, and administrative fields.",MUST,P0,MIXED / PARTIAL STATIC EVIDENCE,"Phase 1A general repository inventory line 202: Payments store provider IDs and payment state CONFIRMED backend/models/payment_model.py:24, backend/models/user_payment_method_model.py:23 | Identity and Accounts, Part 1 line 95: users account_status default active; check active/suspended/pending_deletion/deleted Account state 0003_create_users_table.py:28, 35 backend/models/user_model.py:32-35, 132-134 CONFIRMED",CODE; RUNTIME,AUTHZ-009–014; API-M14,NOT AUDITED,
IAM-015,Identity and access,"Scope list, search, aggregate, cursor, bulk, and export queries to the current actor and visibility state. Decide when 403 or 404 concealment is appropriate and apply it consistently.",MUST,P0,STATIC EVIDENCE PRESENT,"Identity and Accounts, Part 1 line 101: users admin/search indexes Admin list/search and active-user lookup support 0003_create_users_table.py:44-52 backend/models/user_model.py:55-113 CONFIRMED | Admin/Moderation/Audit/Notices, Part 1 line 115: List cases admin route optional filters/cursor active admin none list none admin_review_routes.py:27, admin_review_service.py:850 CONFIRMED",CODE; RUNTIME,AUTHZ-015–018,NOT AUDITED,
IAM-016,Identity and access,"Use a current backend administrator gate that requires a valid identity, existing local user, active state, non-deleted state, and current administrator permission on every request.",MUST,P0,STATIC EVIDENCE PRESENT,"Identity and Accounts, Part 1 line 82: require_active_account / require_active_user Active account dependency local User Requires account_status == ""active"" active-user routes backend/services/auth_service.py:167-179 CONFIRMED | Identity and Accounts, Part 1 line 80: get_authenticated_user_from_token / get_current_app_user Resolves local app user bearer header 404 if no mapped non-deleted/non-pending user most authenticated routes backend/services/auth_service.py:121-154 CONFIRMED",CODE; RUNTIME,ADMIN-001–003,NOT AUDITED,
IAM-017,Identity and access,"Protect role grants/removals, account suspension/deletion/restoration, financial mutations, private-message access, exports, and platform notices with action-specific permission, recent authentication, confirmation, idempotency, current-state checks, and auditability.",MUST,P0,MIXED / PARTIAL STATIC EVIDENCE,"Admin/Moderation/Audit/Notices, Part 2 line 12: Platform Notice compose/review/confirm /admin/platform-notices/new createPlatformNotice, listAdminLookupUsers RequireAdmin step state, selected users, publish idempotency key Compose title/message, choose audience, preview, confirm send frontend/src/pages/admin/platform-notices/adminPlatformNotic... | Admin/Moderation/Audit/Notices, Part 1 line 170: Platform Notice linkage lookup none found none N/A N/A Platform Notices not notification rows platform_notice_service.py:17; inbox_service.py:225 NOT FOUND IN SUBSYSTEM",CODE; RUNTIME; AUDIT,ADMIN-004–012; ENF-001–008,NOT AUDITED,
IAM-018,Identity and access,"Use named administrator accounts, controlled bootstrap and offboarding, and prevent unsafe removal of the final recoverable administrator. Shared accounts are prohibited. Impersonation and break-glass features are conditional and tightly controlled if implemented.",MUST,P1,MIXED / PARTIAL STATIC EVIDENCE,"Phase 1A general repository inventory line 212: Legal/policy copy contains placeholder/final-review notices CONFIRMED frontend/src/features/legal/legalPolicies.js:28-30, frontend/src/features/legal/legalPolicies.js:52-54, frontend/src/features/legal/legalPolicies.js:88-90",PROVIDER; PROCESS; RUNTIME,ADMIN-009–015; SECRET-007–010,NOT AUDITED,
ADM-001,Audit and moderation,"Maintain a distinct authoritative administrative audit trail separate from access logs, application logs, moderation findings, case history, financial ledgers, and business status history.",MUST,P0,STATIC EVIDENCE PRESENT,"Phase 1A general repository inventory line 142: Admin action audit trail CONFIRMED backend/models/admin_action_model.py:14, backend/routes/admin_action_routes.py:29-123 | Database Foundation and Migrations, Part 1 line 212: Moderation reconciliation with_for_update() existing moderation findings for review case Reconcile current findings. Updates existing or creates new findings. content_moderation_finding_service.py:140-180 CONFIRMED",CODE; SCHEMA; PROCESS,AUDIT-001–002,NOT AUDITED,
ADM-002,Audit and moderation,"Audit consequential privileged successes, sensitive reads, significant failures, authorization denials, conflicts, duplicate/replay outcomes, provider failures, and security/access configuration changes.",MUST,P0,STATIC EVIDENCE PRESENT,"Payments and Financial Workflows line 199: MoneyIssue admin queue for refund/credit failures refund failures, missing provider refs, credit restore/release failures open, resolved target user/game/booking/payment/refund/credit/usage resolve, retry credit money_issue_model.py:22-194; admin_money_issue_service.py:138-390,489-627 CONFIRMED | Payments and Financial Workflows line 122: Account cleanup account deletion service deleting account has saved methods account deletion flow Stripe detach attempts methods detached; failures staged cleanup path records failures account_deletion_service.py:210-238 CONFIRMED",CODE; RUNTIME,AUDIT-003–005,NOT AUDITED,
ADM-003,Audit and moderation,"Use structured minimized audit records with immutable ID, authoritative time, actor, role context, target, action, outcome, stable failure code, request ID, environment/release, and linked domain identifiers. Store selected changes, not unrestricted snapshots.",MUST,P0,STATIC EVIDENCE PRESENT,"Payments and Financial Workflows line 233: Host publish entitlement available, reserved, used, revoked, expired first-free/outcome creation, abandoned attempt release, publish consumption none found admin action/outcome links host_publish_entitlement_model.py:23-62; community_game_publish_service.py:466-546 CONFIRMED | Admin/Moderation/Audit/Notices, Part 1 line 41: POST /admin/actions/{id}/notes append_admin_action_note_route audit note note/idempotency AdminActionRead active admin target action note policy optional key append_admin_action_note none admin_action_routes.py:103 CONFIRMED",SCHEMA; CODE; RUNTIME,"AUDIT-006–009, 014",NOT AUDITED,
ADM-004,Audit and moderation,Make the normal audit-writing path append-only and tightly permissioned. Corrections must be new linked events. Direct update/delete must not be available to ordinary application or administrator roles.,MUST,P0,MIXED / PARTIAL STATIC EVIDENCE,"Database Foundation and Migrations, Part 1 line 184: money_issue_events money issues issue workflow history previous/new status/type/action actor/admin/source money issue CASCADE no update/delete route found in inspected search money_issue_event_model.py:15-88 CONFIRMED | Admin/Moderation/Audit/Notices, Part 1 line 93: Deletion/update of audit records none found in routes/services N/A N/A N/A N/A no delete/update route found route inventory NOT FOUND IN SUBSYSTEM",SCHEMA; DB PRIVILEGE; RUNTIME,AUDIT-010–013,NOT AUDITED,
ADM-005,Audit and moderation,Define transaction and failure behavior for audit writes. A privileged mutation must not silently succeed without its required audit record; external copies or forwarding must tolerate retry and duplication.,MUST,P0,MIXED / PARTIAL STATIC EVIDENCE,"Admin/Moderation/Audit/Notices, Part 1 line 175: admin_actions audit record admin_user_id, action_type, targets, reason, metadata, idempotency admin FK RESTRICT; target-required/action-type checks; many idempotency indexes admin/action/target/history indexes none created_at admin_action_model.py:15, 84, 407 CONFIRMED | Admin/Moderation/Audit/Notices, Part 1 line 107: Failure behavior scanner/surfacing exceptions content/chat safe wrappers no propagated error after rollback/log no persisted finding on caught failure app flow continues content_moderation_finding_service.py:316, moderation_signal_service.py:262 CONFIRMED",CODE; SCHEMA; FAILURE TEST,AUDIT-011–013; ENF-005,NOT AUDITED,
ADM-006,Audit and moderation,"Redact secrets and unnecessary personal data before emission at every logging boundary. Encode untrusted fields to prevent newline, terminal, HTML, JSON, and spreadsheet injection.",MUST,P0,MIXED / PARTIAL STATIC EVIDENCE,"Payments and Financial Workflows line 173: Refund update PATCH /refunds/{id} non-terminal refund RAA none Refund, RefundEvent, AdminAction terminal edit block; amount hold validation local refund updated refund_service.py:636-799 CONFIRMED | Database Foundation and Migrations, Part 1 line 73: JSON/arrays/binary Non-JSONB JSON, ARRAY, binary fields Not found in inspected model/migration search. static search NOT FOUND IN SUBSYSTEM",CODE; CONFIG; RUNTIME,AUDIT-015–016; SENS-006–007; API-033,NOT AUDITED,
ADM-007,Audit and moderation,"Restrict audit search, sensitive reads, unmasking, and exports by task and permission. Log access to private messages, payment context, moderation evidence, audit records, and exports.",MUST,P0,MIXED / PARTIAL STATIC EVIDENCE,"Admin/Moderation/Audit/Notices, Part 1 line 76: Sensitive moderation evidence review detail active admin route dependency detail loads current/historical findings none evidence serialized in admin schema admin_review_service.py:723, admin_review_schema.py:39 CONFIRMED | Admin/Moderation/Audit/Notices, Part 1 line 93: Deletion/update of audit records none found in routes/services N/A N/A N/A N/A no delete/update route found route inventory NOT FOUND IN SUBSYSTEM",CODE; UI; RUNTIME; ACCESS REVIEW,AUDIT-017–020; SENS-001–011,NOT AUDITED,
ADM-008,Audit and moderation,"Define audit review, alerting, retention, archive, deletion/anonymization, legal-hold, and export handling by data category. No universal retention period is assumed.",MUST DECIDE,P1,PROCESS / EXTERNAL EVIDENCE REQUIRED,"Phase 1A general repository inventory line 230: R2 bucket permissions, lifecycle, retention, public access NOT REPOSITORY-VERIFIABLE | Phase 1A general repository inventory line 227: Production database backups, HA, restore tests, retention NOT REPOSITORY-VERIFIABLE",PROCESS; CONFIG; PROVIDER,AUDIT-018–020; DATA-003–004,NOT AUDITED,
ADM-009,Audit and moderation,"Maintain a versioned moderation taxonomy and record the rule, scanner or model identity, version, configuration, language/context limits, and execution time for every finding. Machine learning is not required.",MUST,P1,STATIC EVIDENCE PRESENT,"Admin/Moderation/Audit/Notices, Part 1 line 100: Scanner version scanner constant all scans SCANNER_VERSION scanner_version stored version in metadata/model trace evidence content_moderation_scanner_service.py:10, admin_content_moderation_finding_model.py:120 CONFIRMED | Admin/Moderation/Audit/Notices, Part 1 line 99: Text scanner service call configured text fields scan_moderation_fields finding dataclasses rule grouping by field/type finding list content_moderation_scanner_service.py:10, 153, 353 CONFIRMED",CODE; SCHEMA; PROCESS,"MOD-001–003, 012",NOT AUDITED,
ADM-010,Audit and moderation,"Bind findings to a specific target field and content version/hash. Preserve minimal evidence and offsets safely, deduplicate repeated scans, and mark earlier findings historical or stale after edits.",MUST,P0,STATIC EVIDENCE PRESENT,"Admin/Moderation/Audit/Notices, Part 1 line 112: Content case create/reuse content findings exist actionable community game/sub post target service internal admin_review_cases, findings, events open content case none by itself content_moderation_finding_service.py:53, 244 CONFIRMED | Admin/Moderation/Audit/Notices, Part 1 line 86: Action policy all creates AdminActionPolicy required/allowed targets, metadata profile, reason requirement target field rules policy-specific validation before store admin_action_policy.py:57 CONFIRMED",CODE; SCHEMA; RUNTIME,MOD-004–010,NOT AUDITED,
ADM-011,Audit and moderation,"Represent scanner timeout, outage, partial result, queue failure, and evidence-write failure as explicit non-clean states. Retry idempotently and expose exhausted work and backlog to operators.",MUST,P0,STATIC GAP INDICATED,"Admin/Moderation/Audit/Notices, Part 1: moderation failures are caught/logged, but no durable queue, explicit non-clean failure state, or worker-based retry path was found.",CODE; JOB; RUNTIME; MONITORING,MOD-011; JOB-001–028; OBS-007,NOT AUDITED,
ADM-012,Audit and moderation,"Use explicit server-enforced review-case state transitions, links, assignments, outcomes, notes, and append-only event history. Case creation, merging, automatic resolution, and concurrent review must be idempotent and conflict-safe.",MUST,P0,STATIC EVIDENCE PRESENT,"Admin/Moderation/Audit/Notices, Part 1 line 187: Review case open, closed create/open; close route; automatic lifecycle close admin_review_case_events admin_review_case_model.py:18, admin_review_service.py:1538 CONFIRMED | Database Foundation and Migrations, Part 1 line 125: One-of-many child ref review-case event child refs Cannot reference both signal and finding simultaneously. admin_review_case_event_model.py:24-27 Full migration detail Part 2. No conflict reported in Part 1. CONFIRMED",CODE; SCHEMA; RUNTIME,CASE-001–009,NOT AUDITED,
ADM-013,Audit and moderation,"Apply enforcement through action-specific permissions, required target/action/reason/current-state inputs, scoped idempotency, preconditions, explicit external-side-effect states, and separate reversal/restoration records.",MUST,P0,STATIC EVIDENCE PRESENT,"Admin/Moderation/Audit/Notices, Part 1 line 120: Enforcement link moderation/enforcement action open case found by target caller admin event, action target_review_case_id action linked audit action visible on case admin_review_service.py:1642 CONFIRMED | Admin/Moderation/Audit/Notices, Part 1 line 181: admin_target_notices user-facing enforcement notice recipient, targets, action, type/status, title/body, safe reason target-required; notice type/status checks recipient/target/action/type indexes active/dismissed read/dismissed/created/updated admin_target_notice_model.py:11 CONFIRMED",CODE; SCHEMA; RUNTIME,ENF-001–008,NOT AUDITED,
ADM-014,Audit and moderation,"Generate user-safe enforcement notices according to documented policy. Delayed or suppressed notice requires a structured reason; internal detection, fraud, reporter, or security details must not leak. Appeals remain a product/legal decision.",MUST DECIDE,P1,MIXED / PARTIAL STATIC EVIDENCE,"Admin/Moderation/Audit/Notices, Part 2 line 35: backend/tests/legacy/test_support_flags_api.py and test_admin_community_need_a_sub_api.py Support flags, enforcement notices, chat moderation touchpoints Backend API/service support flag resolution, community review flags, enforcement, notices test_support_flags_api.py:31-191; test_admin_communit... | Admin/Moderation/Audit/Notices, Part 1 line 80: Admin enforcement notices service only caller-dependent caller services require admin target-required DB check no dedupe in generic service creates notice + notification admin_target_notice_service.py:67, 103 CONFIRMED",CODE; PROCESS; RUNTIME,ENF-009–011,NOT AUDITED,
ADM-015,Audit and moderation,"Return minimum-necessary administrative data from the backend. Default to excerpt-first private-message and moderation-evidence views, controlled unmasking, anti-caching, and restricted export. Frontend masking alone is insufficient.",MUST,P0,MIXED / PARTIAL STATIC EVIDENCE,"Need a Sub and Messaging, Part 1 line 96: Admin message moderation admin chat message routes admin admin active none none message belongs to post lock message, idempotency, action state chat_moderation_admin_service.py:692-820, 927-984 CONFIRMED | Phase 1A general repository inventory line 206: Data export workflow NOT FOUND IN REPOSITORY No tracked implementation found",CODE; UI; RUNTIME,SENS-001–012,NOT AUDITED,
ADM-016,Audit and moderation,"Model notice campaign, immutable content version, audience definition/snapshot, recipient record, and delivery attempt separately. Creation, recipient delivery, cancellation, correction, retry, and large-audience processing must be idempotent and observable.",MUST,P0,STATIC GAP INDICATED,"Admin/Moderation/Audit/Notices, Part 1 lines 30-32 and 193-199: no notice delivery-attempt/recipient-delivery tables, delivery worker, retry route, queue, or scheduler was found.",CODE; SCHEMA; JOB; RUNTIME,NOTICE-001–010,NOT AUDITED,
DB-001,Database,"Use one safe engine/pool per process model, never reuse inherited live connections after fork, and dispose pools during shutdown.",MUST,P0,MIXED / PARTIAL STATIC EVIDENCE,"Platform and Operational Foundation, Part 1 line 209: Alembic online pool engine_from_config(..., poolclass=pool.NullPool) Migration connections use NullPool Online migrations connect and run in transaction Runtime DB/migration failure not statically resolved backend/alembic/env.py:36-48 CONFIRMED | Platform and Operational Foundation, Part 1 line 54: Lifespan/startup/shutdown Search in backend/main.py No lifespan, @app.on_event, startup, or shutdown hook found None Not applicable backend/main.py:1-176; targeted search found no matching symbols NOT FOUND IN SUBSYSTEM",CODE; RUNTIME,"DBCONN-001, 005–006",NOT AUDITED,
DB-002,Database,"Maintain a deployment-wide connection budget including API workers, instances, overflow, background workers, migrations, monitoring, autoscaling, rolling overlap, and operational reserve. Bound pool growth and wait time.",MUST DECIDE,P0,STATIC GAP INDICATED,"Platform and Operational Foundation, Part 1 line 205: create_engine uses defaults; no pool_size, max_overflow, pool_pre_ping, pool_recycle, pool timeout, isolation, or deployment-wide connection budget was found.",CONFIG; RUNTIME; LOAD,DBCONN-002–004; OBS-006,NOT AUDITED,
DB-003,Database,"Use a separate Session or AsyncSession per request, job attempt, webhook attempt, and administrative operation. Never share sessions concurrently or reuse request sessions after completion.",MUST,P0,STATIC EVIDENCE PRESENT,"Database Foundation and Migrations, Part 1 line 30: Request sessions: get_db() yields one session and closes it, with no dependency-level commit/rollback, backend/database.py:42-49. CONFIRMED | Platform and Operational Foundation, Part 1 line 38: Database engine/session are created in backend/database.py:27-31; request sessions are yielded/closed in backend/database.py:42-49. CONFIRMED.",CODE; RUNTIME,DBCONN-006–007,NOT AUDITED,
DB-004,Database,Commit only after a unit of work succeeds; roll back on every failure including failed flush; close sessions deterministically; avoid provider calls and streaming while holding unnecessary transactions.,MUST,P0,MIXED / PARTIAL STATIC EVIDENCE,"Database Foundation and Migrations, Part 1 line 202: Provider calls can occur between local flush() and commit() in checkout/community publish flows; this is static code evidence only, not a runtime guarantee. CONFIRMED | Database Foundation and Migrations, Part 1 line 200: Routes committing directly backend/routes none found none found none found none found Services own commits static search over backend/routes for commit/rollback/flush/refresh NOT FOUND IN SUBSYSTEM",CODE; FAILURE TEST,DBCONN-008–012; TXN-001–004,NOT AUDITED,
DB-005,Database,"Define explicit transaction boundaries for booking, capacity, waitlists, Need a Sub, payments, refunds, credits, audit, notices, webhooks, and jobs. User-visible success must not precede durable commit.",MUST,P0,STATIC EVIDENCE PRESENT,"Database Foundation and Migrations, Part 1 line 18: Models All 58 current backend/models/*.py source files were listed and statically scanned; representative files were line-inspected, including users, games, bookings, participants, payments, refunds, credits, Need a Sub, platform notices, notifications, venue/images, admin/audit/review/support mo... | Payments and Financial Workflows line 93: POST /admin/official-games/{game_id}/cancel execute_admin_official_game_cancellation Cancellation execute path id, execute body result RAA admin dependency locks game/bookings/payments/refunds/credits preview token; internal refund idempotency execute_official_game_cancellation admin_official_gam...",CODE; SCHEMA; RUNTIME,TXN-001–006,NOT AUDITED,
DB-006,Database,"Coordinate database commits with external side effects using durable operation states, outbox/inbox or equivalent patterns, idempotency, compensation, and reconciliation. Never assume cross-provider atomicity.",MUST,P0,MIXED / PARTIAL STATIC EVIDENCE,"Database Foundation and Migrations, Part 1 line 135: refunds/refund_events provider/idempotency partial uniques provider+refund/event IDs; idempotency_key yes not null Provider reconciliation/event idempotency. refund_model.py:110-116, refund_event_model.py:58-70 CONFIRMED | Platform and Operational Foundation, Part 1 line 103: inbox_routes /inbox inbox backend/main.py:159 No backend/routes/inbox_routes.py:23 CONFIRMED",CODE; SCHEMA; FAILURE TEST,TXN-005–008; FIN-001–025; JOB-001–028,NOT AUDITED,
DB-007,Database,"Use database-enforced serialization points for capacity, one-active-record, duplicate webhook, credit/refund, notice delivery, job claim, and concurrent administrative workflows. Prefer constraints, atomic conditional updates, or row/version controls over process-local locks.",MUST,P0,MIXED / PARTIAL STATIC EVIDENCE,"Database Foundation and Migrations, Part 2 line 174: CONFIRMED: app services use row locks via with_for_update; no skip_locked usage was found. | Admin/Moderation/Audit/Notices, Part 1 line 193: Platform Notice delivery none none none search NOT FOUND IN SUBSYSTEM",CODE; SCHEMA; CONCURRENCY TEST,TXN-009–015; SCHEMA-001–004,NOT AUDITED,
DB-008,Database,"Choose isolation, row locking, optimistic versioning, NOWAIT/SKIP LOCKED, or serializable transactions by invariant. Handle deadlocks, serialization failures, lock timeouts, and unknown commit outcomes with whole-transaction retry only when safe.",MUST,P0,STATIC EVIDENCE PRESENT,"Games and Participation, Part 1 line 7: Commit b95f62e9f454218c9c8ca1b561de524968811b6f CONFIRMED | Admin/Moderation/Audit/Notices, Part 1 line 204: Moderation finding conflict retry internal content reconciliation findings/review case row locks in service one retry after IntegrityError exception logged/rolled back in safe wrapper no worker content_moderation_finding_service.py:250, 299, 316 CONFIRMED",CODE; CONFIG; CONCURRENCY TEST,TXN-009–015,NOT AUDITED,
DB-009,Database,"Enforce primary keys, foreign keys, unique/partial unique, check, exclusion, non-null, and conditional integrity rules in PostgreSQL whenever application validation alone cannot protect concurrent or direct writes.",MUST,P0,STATIC EVIDENCE PRESENT,"Database Foundation and Migrations, Part 1 line 151: Review/support idempotency_key partial unique indexes by source/flag type Stored nullable idempotency keys. admin_review_signal_model.py:47-53,108-109; support_flag_model.py:90-96,161-162 CONFIRMED | Games and Participation, Part 1 line 238: waitlist_entries / WaitlistEntry Waitlist position and promotion state. Checks waitlist status, party size, position, authorized amount; unique partial active user per game for active and payment_processing; unique partial active waitlist position per game. backend/models/waitlist_entry_model.py:...",SCHEMA; MIGRATION; RUNTIME,SCHEMA-001–005,NOT AUDITED,
DB-010,Database,Use exact monetary types with explicit currency and rounding contracts; use timezone-aware timestamps and explicit UTC/offset serialization; define database versus ORM defaults deliberately.,MUST,P0,STATIC EVIDENCE PRESENT,"Database Foundation and Migrations, Part 1 line 71: DateTime DateTime(timezone=True) sa.DateTime(timezone=True) Common server_default=now() for create/update timestamps; no model onupdate found. game_model.py:437-444; booking_model.py:170-175 CONFIRMED | Database Foundation and Migrations, Part 1 line 198: Platform Notice read state Service session no ORM flush; executes insert commits no explicit rollback in shown function reload selected read Service inbox_service.py:642-715 CONFIRMED",SCHEMA; CODE; RUNTIME,SCHEMA-005–007; FIN-017; API-027,NOT AUDITED,
DB-011,Database,"Choose hard deletion, soft deletion, anonymization, or restricted retention per table. Soft-deleted rows must be consistently filtered and compatible with uniqueness, foreign keys, restoration, and historical records.",MUST DECIDE,P1,STATIC EVIDENCE PRESENT,"Database Foundation and Migrations, Part 1 line 81: Soft-deletable account/content Users, games, venues, game images, venue images Same Nullable deleted_at Often paired with status fields in service logic Query filters exclude deleted rows. user_model.py:152-154, game_model.py:443-445, venue_model.py:92-94, game_image_service.py:166-175 CONFIRMED | Admin/Moderation/Audit/Notices, Part 1 line 81: Shared lookups /admin/lookups/* active admin route dependency deleted rows excluded none query filters/limits admin_lookup_service.py:63, 144 CONFIRMED",SCHEMA; CODE; RUNTIME,"SCHEMA-004, 008; DATA-005–007",NOT AUDITED,
DB-012,Database,"Base indexes on real query patterns, ordering, cardinality, and plans. Review foreign-key indexes, partial/composite/expression indexes, N+1 loading, statistics, autovacuum, redundant indexes, and write cost.",MUST,P1,STATIC EVIDENCE PRESENT,"Database Foundation and Migrations, Part 1 line 75: Provider IDs String(255) sa.String(length=255) Nullable provider IDs with indexes/partial uniques. payment_model.py:120-123, indexes 84-97 CONFIRMED | Database Foundation and Migrations, Part 1 line 129: users unique contact/provider IDs; trgm/expression indexes auth/email/phone/stripe; email/name GIN trgm; lower(email) mixed many exclude deleted_at Identity uniqueness/search/admin listing. user_model.py:48-113; migration 0003:39-52 CONFIRMED",SCHEMA; QUERY PLAN; LOAD,QUERY-001–007; OBS-006,NOT AUDITED,
DB-013,Database,"Use stable deterministic pagination with complete ordering and tie-breakers. Protect cursor integrity and authorization context; test concurrent inserts, updates, and deletion.",MUST,P1,STATIC EVIDENCE PRESENT,"Admin/Moderation/Audit/Notices, Part 1 line 39: GET /admin/actions/log list_admin_action_log_route audit log admin_user_id, action_type, cursor only AdminActionLogListRead active admin readable policy cursor context list_admin_action_log cursor, fixed service limit admin_action_routes.py:62 CONFIRMED | Games and Participation, Part 1 line 193: Admin game create /games creates a game through create_game_workflow; service normalizes official invariants, validates venue/user refs, validates lifecycle/business rules, inserts, commits, and rolls back on integrity errors. backend/routes/game_routes.py:62-68; backend/services/game_service.py:...",CODE; SCHEMA; RUNTIME,QUERY-008–009; AUTHZ-015,NOT AUDITED,
DB-014,Database,"Use parameterized SQL and allowlist dynamic identifiers, sort columns, operators, and table/column names. Restrict unsafe raw SQL and prevent secret/query data leakage in logs.",MUST,P0,MIXED / PARTIAL STATIC EVIDENCE,"Database Foundation and Migrations, Part 2 line 88: CONFIRMED: raw SQL in migrations is schema-level only: CREATE/DROP EXTENSION and CREATE/DROP SEQUENCE. | Database Foundation and Migrations, Part 1 line 10: Static limits No tests, checker, migrations, app imports, DB connections, SQL execution against a DB, builds, servers, containers, or external services were used. Applied DB state is not repository-verifiable. CONFIRMED / NOT REPOSITORY-VERIFIABLE",CODE; STATIC ANALYSIS; RUNTIME,DBSEC-001–002; API-033,NOT AUDITED,
DB-015,Database,"Use separate least-privilege application, migration, read-only/reporting, worker, and backup roles where justified. The application must not run as owner or superuser; secure schema ownership, search_path, default privileges, and direct human access.",MUST,P0,MIXED / PARTIAL STATIC EVIDENCE,"Games and Participation, Part 1 line 187: Booking direct read Uses get_current_app_user, not route-level active-account dependency. Service checks booking buyer ownership for direct read. backend/routes/booking_routes.py:40-46 CONFIRMED | Platform and Operational Foundation, Part 1 line 27: Backup/recovery Static search only No platform backup/restore implementation found in Part 1 scan; detailed Part 2 NOT FOUND IN SUBSYSTEM",DB CONFIG; PROVIDER; ACCESS REVIEW,DBSEC-003–009; SECRET-007–010,NOT AUDITED,
DB-016,Database,"Maintain a single understood Alembic migration graph, review autogenerated migrations manually, verify model/schema drift, and manage extensions explicitly.",MUST,P1,STATIC EVIDENCE PRESENT,"Games and Participation, Part 1 line 90: Schema history Alembic migrations mirror the games/participation tables and constraints. backend/migrations/versions/0013_create_games_table.py:14-123 and related migrations CONFIRMED | Platform and Operational Foundation, Part 1 line 209: Alembic online pool engine_from_config(..., poolclass=pool.NullPool) Migration connections use NullPool Online migrations connect and run in transaction Runtime DB/migration failure not statically resolved backend/alembic/env.py:36-48 CONFIRMED",REPO; MIGRATION; SCHEMA,"MIG-001–002, 011, 013–014",NOT AUDITED,
DB-017,Database,"Use expand-and-contract, backward-compatible migrations for rolling deployments. Avoid unbounded table rewrites and blocking DDL; add constraints/indexes and remove old columns only after compatibility windows.",MUST,P0,MIXED / PARTIAL STATIC EVIDENCE,"Database Foundation and Migrations, Part 2 line 100: CONFIRMED: table migrations downgrade via op.drop_table('<table>'). | Database Foundation and Migrations, Part 2 line 81: CONFIRMED: migrations use op.create_table and op.create_index for table/index creation.",MIGRATION REHEARSAL; RUNTIME,"MIG-003–006, 012; DEPLOY-008–009",NOT AUDITED,
DB-018,Database,"Make large data migrations resumable, batched, observable, and independently recoverable where one Alembic transaction is unsafe. Test upgrade from empty and production-like schemas, interruption, old/new compatibility, and rollback or forward-fix plans.",MUST,P0,NOT YET MAPPED,"Need a Sub and Messaging, Part 1 line 146: sub_post_status_history Post status history old/new/source/reason post cascade, user set null none status/source checks; post-created index old/new post status created_at sub_post_status_history_model.py:11-57 0018...py:14-32 CONFIRMED | Need a Sub and Messaging, Part 1 line 147: sub_post_request_status_history Request status history old/new/source/reason request cascade, user set null none status/source checks; request-created index old/new request status created_at sub_post_request_status_history_model.py:11-66 0036...py:14-32 CONFIRMED",CI; MIGRATION REHEARSAL; RESTORE,MIG-007–010; TEST-016,NOT AUDITED,
PAY-001,Payments,"Derive amount and currency from trusted server-side booking, pricing, and credit data. Bind every checkout to an authenticated user and durable local operation identity.",MUST,P0,STATIC EVIDENCE PRESENT,"Payments and Financial Workflows line 134: Credit-only checkout checkout start final Stripe due 0 confirm_credit_covered_checkout none booking paid, participants confirmed, credit redeemed local transaction no PI created checkout_service.py:692-715,425-470 CONFIRMED | Phase 1A general repository inventory line 200: User identity/contact/profile/status data CONFIRMED backend/models/user_model.py:23",CODE; SCHEMA; RUNTIME,STRIPE-001–002,NOT AUDITED,
PAY-002,Payments,"Use stable Stripe idempotency keys plus local uniqueness and operation-state controls for PaymentIntent, refund, and other financial mutations. Same-key payload changes must conflict.",MUST,P0,STATIC EVIDENCE PRESENT,"Payments and Financial Workflows line 178: Refund webhook sync Stripe refund events provider refund id or metadata recovery signature none Refund, RefundEvent, payment/booking/fee, issues provider event id uniqueness local refund state synced stripe_webhook_service.py:1521-1853 CONFIRMED | Payments and Financial Workflows line 177: Host publish fee refund outcome admin financial outcome paid host publish fee with succeeded payment RAA Refund.create AdminFinancialOutcome, Refund, RefundEvent, HostPublishFee, issues admin idempotency plus Stripe refund idempotency refund outcome applied/pending/failed admin_financial_outcome_...",CODE; SCHEMA; RUNTIME,STRIPE-003–004; FIN-003–005,NOT AUDITED,
PAY-003,Payments,"Expose PaymentIntent client secrets only to the authorized checkout user and never through URLs, logs, analytics, support artifacts, or cross-user responses. Keep publishable, secret, restricted, and webhook keys separated.",MUST,P0,MIXED / PARTIAL STATIC EVIDENCE,"Payments and Financial Workflows line 20: Schemas Payment, checkout, user payment method, refund, game credit, host publish fee/entitlement, community publish, admin money schemas CONFIRMED | Phase 1A general repository inventory line 207: Analytics tracking implementation NOT FOUND IN REPOSITORY Firebase measurement env exists, but no client usage found",CODE; RUNTIME; LOG/BUNDLE SCAN,STRIPE-005–006; FESEC-002; SECRET-001–006,NOT AUDITED,
PAY-004,Payments,Treat PaymentIntent as provider payment-lifecycle authority and PostgreSQL as application-business authority. Client callbacks and return URLs must not create paid entitlements by themselves.,MUST,P0,STATIC EVIDENCE PRESENT,"Payments and Financial Workflows line 148: Paid attempt publish route no entitlement, saved PM required CommunityPublishAttempt, Payment PaymentIntent create/confirm none game not visible yet community_game_publish_service.py:627-856 CONFIRMED | Database Foundation and Migrations, Part 1 line 169: payments metadata JSONB Provider/payment context Services construct metadata no JSON index found payment_model.py:137-139; checkout_service.py:723-740 CONFIRMED",CODE; RUNTIME,STRIPE-007–012; FIN-001–002,NOT AUDITED,
PAY-005,Payments,"Verify Stripe webhook signatures against the unmodified body with the correct environment and endpoint secret. Acknowledge promptly, record event IDs, and process durably.",MUST,P0,STATIC EVIDENCE PRESENT,"Payments and Financial Workflows line 72: POST /stripe/webhook handle_stripe_webhook Stripe webhook raw body, Stripe-Signature header dict status Stripe signature no user dependency signature verification provider event id record_and_process_stripe_webhook_event stripe_webhook_routes.py:13-39 CONFIRMED | Payments and Financial Workflows line 111: Webhook POST /stripe/webhook Stripe signature, not user bearer none none provider event payload signature construct + event ID dedupe stripe_webhook_routes.py:13-39; stripe_webhook_service.py:111-181 CONFIRMED",CODE; CONFIG; RUNTIME; PROVIDER,STRIPE-013–017,NOT AUDITED,
PAY-006,Payments,"Handle duplicate, delayed, missing, and out-of-order webhook events. Preserve event processing state, retrieve current provider state when needed, and never regress terminal local state from stale events.",MUST,P0,STATIC EVIDENCE PRESENT,"Phase 1A general repository inventory line 121: Handled webhook events include payment intent and refund events CONFIRMED backend/services/stripe_webhook_service.py:80-92 | Phase 1A general repository inventory line 120: Webhook events persisted with duplicate handling CONFIRMED backend/services/stripe_webhook_service.py:111-181, backend/models/payment_event_model.py:22-91",CODE; SCHEMA; FAILURE TEST,STRIPE-014–019; FIN-001–008,NOT AUDITED,
PAY-007,Payments,"Model booking and payment as an explicit state machine covering pending, action-required, processing, succeeded, failed, canceled, unknown, refunded, and capacity-conflict outcomes. Define reservation and compensation policy.",MUST DECIDE,P0,STATIC EVIDENCE PRESENT,"Payments and Financial Workflows line 226: Payment requires_payment_method, processing, requires_action, succeeded, failed, canceled checkout, community publish, admin payment service, webhook PI succeeded/processing/failed/canceled PaymentEvent; booking status history for booking payment changes payment_rules.py:3-27; payment_model.py:39... | Payments and Financial Workflows line 139: Failed/cancelled webhook PI failed/canceled valid PI apply_payment_intent_failed_or_canceled none payment failed/canceled, booking failed/expired, credits released locks financial rows hold released stripe_webhook_service.py:1333-1507 CONFIRMED",CODE; SCHEMA; RUNTIME,FIN-001–012,NOT AUDITED,
PAY-008,Payments,"Store only necessary saved-payment metadata and provider identifiers. Enforce Stripe Customer and PaymentMethod ownership, consent, attach/detach behavior, stale metadata refresh, and cross-user isolation.",MUST,P0,STATIC EVIDENCE PRESENT,"Payments and Financial Workflows line 104: Default/detach card PATCH/DELETE payment method routes FastAPI Depends(RAU) active user ownership helper Stripe customer consistency Stripe modify/detach, local default updates payment_method_service.py:396-536 CONFIRMED | Payments and Financial Workflows line 103: SetupIntent POST /user-payment-methods/setup-intent FastAPI Depends(RAU) active user user Stripe customer none beyond user creates/reuses customer payment_method_service.py:49-124 CONFIRMED",CODE; SCHEMA; RUNTIME,STRIPE-020–024,NOT AUDITED,
PAY-009,Payments,"Represent refunds as durable operations with amount/currency validation, remaining refundable amount, idempotency, provider/local states, unknown outcome handling, user notice, and reconciliation.",MUST,P0,STATIC EVIDENCE PRESENT,"Database Foundation and Migrations, Part 1 line 135: refunds/refund_events provider/idempotency partial uniques provider+refund/event IDs; idempotency_key yes not null Provider reconciliation/event idempotency. refund_model.py:110-116, refund_event_model.py:58-70 CONFIRMED | Admin/Moderation/Audit/Notices, Part 1 line 132: Financial outcome notice refund/credit outcome host user game/user/financial outcome metadata target notice read/dismiss fields only notice id appended to admin action metadata admin_financial_outcome_service.py:894, 922 CONFIRMED",CODE; SCHEMA; RUNTIME; PROVIDER,FIN-009–016,NOT AUDITED,
PAY-010,Payments,"Use an append-only or equivalently auditable credit ledger with exact amounts, current derived balance, concurrency-safe spend, idempotent issuance/reversal, and clear linkage to booking/refund/admin causes.",MUST,P0,STATIC EVIDENCE PRESENT,"Payments and Financial Workflows line 174: Official cancellation refund admin cancellation execute official game cancellation, succeeded booking payments RAA Refund.create if charge exists Refund, booking/payment status, credit usage, money issues idempotency game_cancel:{game}:payment:{payment}:refund; dedupe existing active refund refun... | Payments and Financial Workflows line 60: GET /game-credits list_game_credits Credit ledger optional user_id list GCU service self/admin check self or admin for other user none list_game_credits_for_user game_credit_routes.py:41-47; game_credit_service.py:120-159 CONFIRMED",CODE; SCHEMA; CONCURRENCY TEST,FIN-017–021,NOT AUDITED,
PAY-011,Payments,"Protect high-risk financial administration with action-specific permission, reauthentication/MFA, reason, preview/confirmation, current-state checks, idempotency, audit, and risk-based dual approval.",MUST,P0,MIXED / PARTIAL STATIC EVIDENCE,"Admin/Moderation/Audit/Notices, Part 1 line 175: admin_actions audit record admin_user_id, action_type, targets, reason, metadata, idempotency admin FK RESTRICT; target-required/action-type checks; many idempotency indexes admin/action/target/history indexes none created_at admin_action_model.py:15, 84, 407 CONFIRMED | Database Foundation and Migrations, Part 1 line 145: Admin actions nullable idempotency_key plus scoped partial unique indexes Many action-specific partial unique indexes Admin action builder stores normalized key. admin_action_model.py:136-180,360-405,521; admin_action_service.py:487-547 CONFIRMED",CODE; RUNTIME; PROCESS,FIN-022–025; ADMIN-010–012; ENF-008,NOT AUDITED,
PAY-012,Payments,"Track disputes and asynchronous reversals, and reconcile Stripe PaymentIntents, charges, refunds, disputes, local payments, bookings, and credits on a risk-based schedule and on demand.",MUST,P0,STATIC GAP INDICATED,"Payments inventory confirms payment/refund event persistence and admin repair surfaces, but no scheduled Stripe/local reconciliation processor or documented reconciliation run was found in the worker/platform inventory.",JOB; PROVIDER; PROCESS,"STRIPE-018–019; FIN-006–008, 023–025; OBS-008",NOT AUDITED,
PAY-013,Payments,"Pin and verify Stripe API/webhook versions, separate test/live settings and keys, restrict Dashboard access with MFA, monitor failed delivery and key use, and maintain emergency rotation procedures.",MUST,P0,EXTERNAL EVIDENCE REQUIRED,Payments and Financial Workflows line 124: Test/live mode Stripe service config env vars present at runtime none SDK key assignment none mode cannot be proven statically without env/Stripe stripe_service.py:56-97 NOT REPOSITORY-VERIFIABLE | Phase 1A general repository inventory line 228: Stripe webhook dashboard endpoint and enabled events NOT REPOSITORY-VERIFIABLE,PROVIDER; CONFIG; PROCESS,"STRIPE-006, 016–024; EXT-004; SECRET-001–010",NOT AUDITED,
STO-001,Storage and uploads,"Separate production and non-production R2 buckets and credentials. Use bucket-scoped least-privilege tokens, protected account access, rotation, and no frontend exposure.",MUST,P0,EXTERNAL EVIDENCE REQUIRED,"Phase 1A general repository inventory line 232: Secret rotation and production secret-manager configuration NOT REPOSITORY-VERIFIABLE | Phase 1A general repository inventory line 230: R2 bucket permissions, lifecycle, retention, public access NOT REPOSITORY-VERIFIABLE",CONFIG; PROVIDER; PROCESS,STORAGE-001–004; EXT-005; SECRET-001–010,NOT AUDITED,
STO-002,Storage and uploads,Generate opaque server-controlled object keys without user path control or unnecessary personal data. Define immutable/versioned replacement behavior and prevent collisions or overwrites.,MUST,P0,STATIC EVIDENCE PRESENT,"Venues/Images/Storage, Part 1 line 41: Object keys are generated as venues/{venue_id}/{primary|gallery-n}-{venue_image_id}.{extension}. Evidence: backend/services/venue_image_service.py:167-179. CONFIRMED | Venues/Images/Storage, Part 2 line 65: Venue images store object keys and return presigned read URLs; game images store direct image_url strings. Part 1 models/services; frontend uses both through buildMediaUrl CONFIRMED",CODE; RUNTIME,STORAGE-005–008,NOT AUDITED,
STO-003,Storage and uploads,"Issue presigned URLs only after authorization, bind them to method/key/operation, keep expiry short enough for the workflow, prevent logging, and treat them as reusable bearer credentials until expiry.",MUST,P0,STATIC EVIDENCE PRESENT,"Phase 1A general repository inventory line 128: R2 upload/read presigned URLs are supported CONFIRMED backend/services/r2_storage_service.py:145-192 | Venues/Images/Storage, Part 1 line 185: Presigned PUT create_object_upload_url key/content type generate_presigned_url(""put_object"") URL, headers, object URL, expiry wraps boto/client errors backend/services/r2_storage_service.py:145-174 CONFIRMED",CODE; CONFIG; RUNTIME,STORAGE-009–012; SENS-006,NOT AUDITED,
STO-004,Storage and uploads,"Use a staged upload workflow: authorize, create pending metadata, upload, confirm with object metadata, validate/process, then publish. Client claims alone must not activate an object.",MUST,P0,STATIC EVIDENCE PRESENT,"Venues/Images/Storage, Part 1 line 199: Pending venue upload same final key same same same upload ticket returns presigned PUT and object URL; signed URL not stored in DB none found backend/services/venue_image_service.py:332-395 CONFIRMED | Venues/Images/Storage, Part 1 line 140: File metadata request POST /admin/venues/{id}/images/upload-url active venue Admin none yet pending VenueImage prepared upload ticket requested backend/routes/venue_image_routes.py:64-80 CONFIRMED",CODE; SCHEMA; RUNTIME,STORAGE-013–018,NOT AUDITED,
STO-005,Storage and uploads,"Validate declared type, extension, magic bytes, successful image decode, size, dimensions/pixel count, decompression risk, animation/SVG policy, and metadata exposure before publication.",MUST,P0,MIXED / PARTIAL STATIC EVIDENCE,"Phase 1A general repository inventory line 129: Venue image workflow validates content type/size and verifies uploaded object CONFIRMED backend/services/venue_image_service.py:145-164, backend/services/venue_image_service.py:398-495 | Venues/Images/Storage, Part 1 line 212: Image dimensions not found not found N/A N/A no dimension validator found NOT FOUND IN SUBSYSTEM",CODE; RUNTIME; SECURITY TEST,STORAGE-019–023,NOT AUDITED,
STO-006,Storage and uploads,"Isolate and bound image processing. Re-encode or sanitize when required, strip sensitive metadata according to policy, create derived assets idempotently, and expose explicit processing failures.",MUST DECIDE,P1,STATIC GAP INDICATED,"Venues/Images/Storage inventory confirms upload metadata checks, but no image decode/re-encode/sanitization/thumbnail-processing worker or isolated processing pipeline was found.",JOB; RUNTIME,STORAGE-021–024,NOT AUDITED,
STO-007,Storage and uploads,"Classify objects as public or private. Private moderation evidence and attachments must require authorized signed access; public images need safe content type, disposition, cache, and non-guessable keys.",MUST,P0,MIXED / PARTIAL STATIC EVIDENCE,"Venues/Images/Storage, Part 1 line 96: Start venue-photo upload POST /admin/venues/{id}/images/upload-url Admin require_active_admin active venue required content type/size/role creates pending record and signed PUT URL backend/services/venue_image_service.py:307-395 CONFIRMED | Venues/Images/Storage, Part 2 line 40: Cache-control setting storage upload object cache metadata no setting found N/A none found no usage found NOT FOUND IN SUBSYSTEM",CODE; CONFIG; RUNTIME,STORAGE-025–027,NOT AUDITED,
STO-008,Storage and uploads,"Keep database metadata and R2 objects reconciled. Detect missing objects, orphan objects, failed derivatives, replacements, deleted owners, and status mismatches without unsafe automatic deletion.",MUST,P0,STATIC GAP INDICATED,"Venues/Images/Storage, Part 1 lines 234 and 256: no orphan detector or object-deletion helper was found.",JOB; SCHEMA; PROVIDER,STORAGE-028–031; OBS-009,NOT AUDITED,
STO-009,Storage and uploads,"Define deletion, cache invalidation, abandoned-upload cleanup, lifecycle rules, and recovery for originals versus replaceable derivatives. Verify public access, custom domains, CORS, token scope, usage, and deletion controls in Cloudflare.",MUST DECIDE,P1,STATIC GAP INDICATED,"Venues/Images/Storage, Part 1 lines 53-58 and Part 2 lines 60-68: DB soft deletion exists, but no R2 delete call, abandoned-upload cleanup worker, lifecycle cleanup, or cache invalidation flow was found.",CODE; JOB; PROVIDER; RECOVERY TEST,STORAGE-029–032; RECOVERY-007–009; EXT-005,NOT AUDITED,
JOB-M01,Background jobs,"Use a durable database-backed or managed queue for financial, webhook, notice, image, deletion, reconciliation, and other work that must survive process loss. In-process tasks are only for disposable work.",MUST,P0,STATIC GAP INDICATED,"Phase 1A lines 144-150 and Platform Foundation Part 1 lines 250-260: no queue framework, consumer, scheduler, notification processor, notice-delivery processor, or worker runner was found.",CODE; SCHEMA; RUNTIME,JOB-001–004; FIN-001–025,NOT AUDITED,
JOB-M02,Background jobs,"Persist job identity, type/version, safe payload/reference, status, priority, availability, attempts, lease/claim, timestamps, idempotency/correlation, and normalized failure data.",MUST,P0,STATIC GAP INDICATED,"No durable general job table/record model with version, status, attempts, claim/lease, failure and completion fields was found in the worker/platform inventory.",SCHEMA; CODE,JOB-005–008,NOT AUDITED,
JOB-M03,Background jobs,"Claim work atomically using row locks/skip-locked or equivalent lease semantics. Handle worker crash, lease expiry, long jobs, heartbeats, batch fairness, and duplicate execution.",MUST,P0,STATIC GAP INDICATED,"No worker process, atomic job claim path, lease/visibility-timeout semantics, or worker-health mechanism was found.",CODE; SCHEMA; CONCURRENCY TEST,JOB-009–013; TXN-009–015,NOT AUDITED,
JOB-M04,Background jobs,"Design handlers for at-least-once execution with local/provider idempotency, partial-completion markers, safe resume, and duplicate side-effect prevention.",MUST,P0,STATIC GAP INDICATED,"Domain-specific idempotency exists for payments/admin actions, but no general durable job execution framework or partial-completion/resume contract was found.",CODE; SCHEMA; FAILURE TEST,JOB-014–016,NOT AUDITED,
JOB-M05,Background jobs,"Classify retryable versus permanent failures, use bounded backoff with jitter and Retry-After where applicable, and treat network timeout with unknown provider outcome as reconciliation work rather than blind replay.",MUST,P0,STATIC GAP INDICATED,"No general worker retry scheduler, bounded backoff policy, or Retry-After-aware job retry implementation was found.",CODE; CONFIG; FAILURE TEST,JOB-017–020,NOT AUDITED,
JOB-M06,Background jobs,"Move exhausted, invalid, poison, or unsupported-version work into an operator-visible dead-letter state with safe repair and replay controls.",MUST,P1,STATIC GAP INDICATED,"No dead-letter state, poison-job handling, operator repair/replay surface, or unsupported-job-version handling was found.",CODE; UI; PROCESS,JOB-021–023,NOT AUDITED,
JOB-M07,Background jobs,"Define execution timeout, cancellation, deployment shutdown, lease release, scheduled-job singleton/duplicate-safe behavior, and version compatibility across rolling deployments.",MUST,P0,STATIC GAP INDICATED,"No deployed scheduler/worker shutdown, job timeout/cancellation, lease release, singleton schedule, or duplicate-safe schedule runner was found.",CODE; CONFIG; RUNTIME,"JOB-024–026; DEPLOY-002, 006, 008",NOT AUDITED,
JOB-M08,Background jobs,"Monitor pending count, oldest age, throughput, attempts, failures, dead letters, active workers, expired leases, and worker version. Alert on user/financial impact and maintain repair runbooks.",MUST,P0,STATIC GAP INDICATED,"Phase 1A lines 171-177 and Platform Foundation worker inventory: no worker metrics, backlog/oldest-age tracking, dead-letter monitoring, lease-expiry monitoring, dashboards, or alerts were found.",MONITORING; RUNTIME; PROCESS,JOB-027–028; OBS-007; IR-001–012,NOT AUDITED,
FE-M01,Frontend,"Produce deployable artifacts only with a verified Vite production build. Record mode, environment, API base URL, feature flags, base path, browser target, and release identity; never serve production with development or preview servers.",MUST,P0,MIXED / PARTIAL STATIC EVIDENCE,"Phase 1A general repository inventory line 62: API base URL defaults to local backend CONFIRMED frontend/src/lib/apiClient.js:1-35 | Venues/Images/Storage, Part 2 line 39: R2 public base URL / CDN variable storage config public media base no variable found N/A none found no usage found NOT FOUND IN SUBSYSTEM",CI; BUILD; RUNTIME,FE-001–005,NOT AUDITED,
FE-M02,Frontend,"Treat all VITE-prefixed/build-time values as public. Maintain a frontend configuration allowlist and scan the built bundle and source maps for secrets, localhost, wrong environment, and live/test provider mismatches.",MUST,P0,MIXED / PARTIAL STATIC EVIDENCE,"Platform and Operational Foundation, Part 2 line 75: Client-exposed vars Vite vars use VITE_ prefix Values are available to frontend bundle by Vite convention frontend/src/lib/firebase.js:4-10, frontend/src/lib/stripe.js:3, frontend/src/lib/apiClient.js:1-2 CONFIRMED | Platform and Operational Foundation, Part 2 line 49: Source maps Vite config No explicit sourcemap config found None Vite default behavior not asserted frontend/vite.config.js:1-7 NOT FOUND IN SUBSYSTEM",BUILD SCAN; CI,FE-002–003; FESEC-001–002; CI-005,NOT AUDITED,
FE-M03,Frontend,"Keep React effects and subscriptions cleanup-safe, use stable keys and state identity, and prevent state updates from stale or unmounted work.",MUST,P1,NOT YET MAPPED,"Platform and Operational Foundation, Part 2 line 38: Vite config defineConfig({ plugins: [react()] }) Uses React plugin only None Vite defaults otherwise frontend/vite.config.js:1-7 CONFIRMED | Phase 1A general repository inventory line 31: Frontend: React 19, React Router 7, Firebase client, Stripe.js, lucide-react, Vite CONFIRMED frontend/package.json:10-22, frontend/src/lib/firebase.js:1-15, frontend/src/lib/stripe.js:1-10",CODE; UNIT/COMPONENT TEST,FE-006–009,NOT AUDITED,
FE-M04,Frontend,"Use a central API-client policy for current tokens, request IDs, timeout/cancellation, safe retries, JSON/error handling, empty responses, and non-idempotent mutation protection.",MUST,P0,MIXED / PARTIAL STATIC EVIDENCE,"Platform and Operational Foundation, Part 2 line 44: Global API client apiRequest Adds Accept: application/json; parses non-OK JSON detail; 204 returns null Caller may pass extra options/headers Normalizes errors into ApiRequestError frontend/src/lib/apiClient.js:4-35 CONFIRMED | Platform and Operational Foundation, Part 2 line 114: API-client base behavior tests No direct apiClient unit test found N/A N/A Frontend test search NOT FOUND IN SUBSYSTEM",CODE; UNIT/INTEGRATION TEST,FE-010–012; FBAUTH-008; API-M12,NOT AUDITED,
FE-M05,Frontend,"Prevent stale and cross-user results through aborting/ignoring obsolete requests, identity-scoped cache keys, invalidation on logout/role/account changes, and guarded optimistic updates.",MUST,P0,MIXED / PARTIAL STATIC EVIDENCE,"Identity and Accounts, Part 2 line 14: Sign-out/logout account actions Firebase only Calls Firebase signOut, clears local auth state frontend/src/context/authProviderAccountActions.js:53-59 CONFIRMED | Venues/Images/Storage, Part 2 line 40: Cache-control setting storage upload object cache metadata no setting found N/A none found no usage found NOT FOUND IN SUBSYSTEM",CODE; BROWSER TEST,"FE-007, 011–014; FESEC-009–010",NOT AUDITED,
FE-M06,Frontend,"Treat client route guards and hidden controls as navigation only. Direct URL refresh, unknown routes, role changes, suspension, deletion, and redirect destinations must fail safely while backend authorization remains authoritative.",MUST,P0,STATIC EVIDENCE PRESENT,"Identity and Accounts, Part 2 line 68: Frontend guards vs backend authorization Frontend route guards are navigation controls only; backend dependencies/services provide repository-verifiable authorization. frontend/src/routes/RouteGuards.jsx:28-112; backend/services/auth_service.py:167-202 CONFIRMED | Phase 1A general repository inventory line 113: Frontend route guards redirect unauthenticated users CONFIRMED frontend/src/routes/RouteGuards.jsx:28-49",CODE; BROWSER TEST,FE-015–016; AUTHZ-008,NOT AUDITED,
FE-M07,Frontend,"Use server validation as authoritative. Forms must handle accessible field/form errors, unknown fields, double submission, unsaved changes, date/time, files, and sensitive actions without trusting hidden or disabled fields.",MUST,P1,MIXED / PARTIAL STATIC EVIDENCE,,CODE; COMPONENT/BROWSER TEST,FE-017–018; FESEC-006,NOT AUDITED,
FE-M08,Frontend,"Render untrusted content as escaped text by default. Any HTML/Markdown/rich text requires a reviewed sanitizer; dangerous DOM sinks, scriptable URL schemes, open redirects, and unsafe external-link behavior must be blocked.",MUST,P0,NOT YET MAPPED,"Platform and Operational Foundation, Part 2 line 40: HTML entry frontend/index.html Root div plus module script to src/main.jsx None Browser loads React entry frontend/index.html:9-12 CONFIRMED",CODE; SECURITY TEST,FESEC-003–007,NOT AUDITED,
FE-M09,Frontend,"Inventory and approve third-party JavaScript, pin and monitor dependencies, minimize data collection, and apply CSP/SRI or other controls where compatible. A provider script failure must not expose secrets or corrupt state.",MUST DECIDE,P1,NOT YET MAPPED,"Platform and Operational Foundation, Part 2 line 94: Data export scripts None found None None None None Operational script search NOT FOUND IN SUBSYSTEM",CODE; CONFIG; SUPPLY CHAIN,FESEC-011–012; SUPPLY-001–013,NOT AUDITED,
FE-M10,Frontend,"Minimize browser persistence of tokens, private messages, administrative data, payment client secrets, and presigned URLs. Clear identity-specific state on logout and user switch; use no-store for sensitive responses.",MUST,P0,MIXED / PARTIAL STATIC EVIDENCE,"Phase 1A general repository inventory line 128: R2 upload/read presigned URLs are supported CONFIRMED backend/services/r2_storage_service.py:145-192 | Venues/Images/Storage, Part 2 line 65: Venue images store object keys and return presigned read URLs; game images store direct image_url strings. Part 1 models/services; frontend uses both through buildMediaUrl CONFIRMED",CODE; BROWSER TEST,"FESEC-008–010, 013–014; SENS-008",NOT AUDITED,
FE-M11,Frontend,"Provide explicit loading, empty, stale, offline/network, unauthorized, deleted, processing, retryable-failure, and permanent-failure states. Avoid indefinite spinners and destructive retries.",MUST,P1,MIXED / PARTIAL STATIC EVIDENCE,,COMPONENT/BROWSER TEST,FE-010–014; UX-001,NOT AUDITED,
FE-M12,Frontend,"Adopt a documented accessibility target based on WCAG 2.2, normally AA unless a justified policy says otherwise. Verify semantic structure, keyboard operation, focus, dialogs, forms, status messages, contrast, reflow, zoom, reduced motion, and screen-reader behavior.",MUST DECIDE,P1,STATIC GAP INDICATED,"No documented WCAG target, automated accessibility gate, or dedicated accessibility test inventory was identified in the static reviews.",AUTOMATED + MANUAL ACCESSIBILITY TEST,UX-001–008,NOT AUDITED,
FE-M13,Frontend,"Define supported browsers and responsive behavior. Measure Core Web Vitals and route-specific performance using production builds, realistic devices/networks, image sizing, code splitting, and controlled third-party scripts. Source-map and telemetry exposure must be deliberate.",MUST DECIDE,P1,STATIC GAP INDICATED,"Platform Foundation, Part 2: no documented browser-support matrix, performance budget, Core Web Vitals instrumentation, route performance test, or production performance monitoring was found.",BUILD; LAB/FIELD PERFORMANCE; BROWSER TEST,UX-009–012; FESEC-013–014,NOT AUDITED,
TST-001,Testing and CI,"Maintain an explicit test taxonomy: unit, component, backend service, API integration, PostgreSQL integration, mocked browser, full-stack browser, provider sandbox/emulator, migration, concurrency, security, and production smoke tests.",MUST,P1,MIXED / CONFLICTING STATIC EVIDENCE,"Platform and Operational Foundation, Part 2 line 108: frontend/tests/unit/*.test.js Feature selector/data units, not platform API-client/base-url tests Node test Node assert, feature modules frontend/tests/unit/browseGamesSelectors.test.js:1-20, frontend/tests/unit/useInboxPageModel.test.js:1-12 CONFIRMED | Phase 1A general repository inventory line 182: Frontend tracked unit/e2e tests exist CONFIRMED frontend/tests/unit/..., frontend/tests/e2e/landing.spec.js",REPO; CI; PROCESS,TEST-001–004,NOT AUDITED,
TST-002,Testing and CI,Test user-visible behavior and domain invariants at the lowest useful layer without replacing integration coverage. Backend database tests must use PostgreSQL when PostgreSQL behavior matters.,MUST,P1,MIXED / PARTIAL STATIC EVIDENCE,"Database Foundation and Migrations, Part 2 line 177: CONFIRMED: platform notices use a PostgreSQL sequence and service-side nextval. | Platform and Operational Foundation, Part 2 line 114: API-client base behavior tests No direct apiClient unit test found N/A N/A Frontend test search NOT FOUND IN SUBSYSTEM",TEST CODE; CI,TEST-005–010,NOT AUDITED,
TST-003,Testing and CI,"Use Playwright semantic locators, web-first assertions, isolated contexts, deterministic state, controlled time, and useful traces/screenshots on failure. Avoid arbitrary sleeps and brittle CSS/XPath selectors.",MUST,P1,MIXED / PARTIAL STATIC EVIDENCE,"Platform and Operational Foundation, Part 2 line 53: Playwright web server frontend/playwright.config.js Starts Vite dev server for e2e config CI controls retries/reuse Test-only frontend/playwright.config.js:3-24 CONFIRMED | Phase 1A general repository inventory line 184: Frontend scripts include unit and Playwright e2e CONFIRMED frontend/package.json:11-14, frontend/playwright.config.js:1-24",TEST CODE; CI ARTIFACTS,TEST-011–014,NOT AUDITED,
TST-004,Testing and CI,"Separate mocked browser, full-stack, and provider-integration projects so their dependencies and guarantees are unmistakable. Provider tests must use emulator/test/sandbox resources and never production data or live charges.",MUST,P0,MIXED / PARTIAL STATIC EVIDENCE,"Platform and Operational Foundation, Part 2 line 108: frontend/tests/unit/*.test.js Feature selector/data units, not platform API-client/base-url tests Node test Node assert, feature modules frontend/tests/unit/browseGamesSelectors.test.js:1-20, frontend/tests/unit/useInboxPageModel.test.js:1-12 CONFIRMED | Need a Sub and Messaging, Part 2 line 47: NOT FOUND IN SUBSYSTEM: no dedicated frontend Need a Sub test file or browser/e2e test file was found under frontend/tests; only inbox unit tests surfaced.",TEST CONFIG; CI; PROVIDER,TEST-012–014; CI-013,NOT AUDITED,
TST-005,Testing and CI,"Cover authentication, revocation, account state, object/function/field authorization, cross-user substitution, stale roles, admin privilege removal, and direct API access.",MUST,P0,MIXED / PARTIAL STATIC EVIDENCE,"Admin/Moderation/Audit/Notices, Part 2 line 23: CORS_ALLOWED_ORIGINS, ENABLE_API_DOCS, ENABLE_DB_HEALTH FastAPI app Cross-origin API access and app/system route exposure Defaults handled in main.py backend/.env.example:6-8, README.md:32-34 backend/main.py:72-91, :114 CONFIRMED | Identity and Accounts, Part 2 line 82: Broad “authenticated user” wording The subsystem distinguishes get_current_app_user from require_active_user; account/profile access can differ from active product authorization. backend/services/auth_service.py:150-179; backend/tests/shared/authentication/test_active_user_dependency.py:166-209 C...",API/BROWSER TEST,TEST-015; FBAUTH runtime matrices; AUTHZ-001–020,NOT AUDITED,
TST-006,Testing and CI,"Cover payment success/failure/action/processing, duplicate checkout, webhook signature/replay/order, refund, credit, provider timeout, local/provider partial failure, and reconciliation using Stripe test mode.",MUST,P0,MIXED / PARTIAL STATIC EVIDENCE,Phase 1A general repository inventory line 194: README describes portfolio prototype deployment using Vercel/Render/Neon/Firebase/R2/Stripe test mode CONFIRMED README.md:1-67 | Phase 1A general repository inventory line 228: Stripe webhook dashboard endpoint and enabled events NOT REPOSITORY-VERIFIABLE,INTEGRATION/PROVIDER TEST,TEST-015; STRIPE/FIN runtime matrices,NOT AUDITED,
TST-007,Testing and CI,"Cover upload authorization, wrong type/size, malformed or decompression-heavy image, expired URL, wrong key, confirmation replay, processing failure, missing/orphan/deleted object, and cache behavior.",MUST,P0,STATIC GAP INDICATED,"Venue/Image Part 2 lines 131-145: only historical backend upload tests were found; no current frontend unit/e2e coverage for upload, primary selection, reorder, deletion, malformed-image processing, or orphan cleanup was found.",INTEGRATION/PROVIDER TEST,TEST-015; STORAGE runtime matrix,NOT AUDITED,
TST-008,Testing and CI,"Use deterministic concurrency tests for capacity, waitlists, duplicate provisioning, webhooks, refunds, credits, administrative actions, and job claiming.",MUST,P0,MIXED / PARTIAL STATIC EVIDENCE,"Phase 1A general repository inventory line 141: Admin money/payments/refunds/credits workflows CONFIRMED backend/routes/admin_money_routes.py:60-460 | Platform and Operational Foundation, Part 2 line 34: Scheduled/manual workflows/concurrency Not found N/A N/A No schedule, workflow_dispatch, or concurrency found N/A N/A N/A workflow scan NOT FOUND IN SUBSYSTEM",CONCURRENCY TEST,TEST-015; TXN-009–015; JOB-009–016,NOT AUDITED,
TST-009,Testing and CI,"Test the full migration chain from empty and production-like schemas, schema drift, data preservation, interruption/resume, old/new application overlap, and rollback/forward-fix behavior.",MUST,P0,MIXED / PARTIAL STATIC EVIDENCE,"Phase 1A general repository inventory line 92: Migration chain has 59 revisions CONFIRMED backend/alembic/versions/* | Platform and Operational Foundation, Part 2 line 96: Deployment rollback None found None None None None No provider/deploy config; migration history review out of scope NOT FOUND IN SUBSYSTEM",CI; MIGRATION REHEARSAL,TEST-016; MIG-001–014,NOT AUDITED,
TST-010,Testing and CI,"Use synthetic, non-production test data; isolate database, browser, auth, storage, provider objects, time, environment, and background workers. Tests must be order-independent and clean up after failure.",MUST,P1,MIXED / PARTIAL STATIC EVIDENCE,"Platform and Operational Foundation, Part 2 line 104: backend/tests/test_check_backend_tests.py Repository rule diagnostics with synthetic workflows Unit tests for checker Synthetic workflow text backend/tests/test_check_backend_tests.py:1012-1055 CONFIRMED | Need a Sub and Messaging, Part 2 line 47: NOT FOUND IN SUBSYSTEM: no dedicated frontend Need a Sub test file or browser/e2e test file was found under frontend/tests; only inbox unit tests surfaced.",TEST CONFIG; CI,TEST-017–019,NOT AUDITED,
TST-011,Testing and CI,"Treat retries as diagnostic aids, not defect masking. Track flaky tests with owner and expiry; retain sanitized artifacts and root-cause recurring failures. Use risk-based coverage rather than a universal percentage.",MUST DECIDE,P1,NOT YET MAPPED,"Database Foundation and Migrations, Part 2 line 186: CONFIRMED: the tree contains new untracked testing infrastructure and deleted legacy/top-level tests; current coverage claims must be based on the current non-legacy files and contracts, not old paths.",CI; PROCESS,TEST-020–022,NOT AUDITED,
TST-012,Testing and CI,Run CI from a clean reviewed revision with explicit Node/npm/Python/tool versions and frozen dependency resolution. Lockfile or dependency-manifest mismatch must fail.,MUST,P0,MIXED / PARTIAL STATIC EVIDENCE,"Platform and Operational Foundation, Part 2 line 27: Frontend CI Conditional on frontend changes Node 22 None npm ci, npm run lint, npm run build No secrets refs found npm cache using frontend/package-lock.json None .github/workflows/ci.yml:63-92 CONFIRMED | Phase 1A general repository inventory line 38: Separate Python lockfile NOT FOUND IN REPOSITORY No tracked lockfile found",CI CONFIG,CI-001–003,NOT AUDITED,
TST-013,Testing and CI,"Run noninteractive formatting, linting, type checks, secret scanning, dependency review, vulnerability analysis, tests, migration checks, production frontend build, and backend/container build. Required failures must block merge or release.",MUST,P0,MIXED / PARTIAL STATIC EVIDENCE,"Platform and Operational Foundation, Part 2 line 5: Frontend hosting docs README.md Documents frontend build command and output directory Documents frontend env variable names only None None None README.md:47-67 CONFIRMED docs | Platform and Operational Foundation, Part 2 line 16: Backend container None found None None None None None None None Static search for Dockerfile/compose files NOT FOUND IN SUBSYSTEM",CI CONFIG; REPORTS,CI-004–011,NOT AUDITED,
TST-014,Testing and CI,"Protect default/release branches with pull requests, required checks, review, controlled bypass, and workflow-change ownership. Untrusted forks must not receive protected secrets or deployment authority.",MUST,P0,EXTERNAL EVIDENCE REQUIRED,"Platform and Operational Foundation, Part 2 line 78: CI secret references No ${{ secrets.* }} found Workflow uses inline local test env names, not GitHub secrets .github/workflows/ci.yml:102-116; secret-ref search NOT FOUND IN SUBSYSTEM",REPO SETTINGS; CI SECURITY TEST,CI-012–014; SUPPLY-004–008,NOT AUDITED,
TST-015,Testing and CI,"Use least-privilege workflow permissions, safe event choice, no untrusted expression-to-shell interpolation, SHA-pinned third-party actions, protected environments, and short-lived OIDC credentials where supported.",MUST,P0,MIXED / PARTIAL STATIC EVIDENCE,Phase 1A general repository inventory line 37: Backend dependencies pinned in requirements.txt CONFIRMED backend/requirements.txt:1-32 | Phase 1A general repository inventory line 7: Working tree is dirty CONFIRMED git status --short,CI CONFIG; REPO SETTINGS,SUPPLY-004–009,NOT AUDITED,
TST-016,Testing and CI,"Inventory dependencies and build inputs, review updates and suppressions, scan source/container/OS packages, and revoke any exposed secret rather than merely delete it from the latest revision.",MUST,P0,MIXED / PARTIAL STATIC EVIDENCE,"Platform and Operational Foundation, Part 2 line 125: Docker/container support is absent in source config, except for the CI Postgres service container. Docker-file search; .github/workflows/ci.yml:99-112 CONFIRMED | Platform and Operational Foundation, Part 2 line 17: Frontend container None found None None None None None None None Static search NOT FOUND IN SUBSYSTEM",CI; PROCESS,SUPPLY-001–003; CI-005–007,NOT AUDITED,
TST-017,Testing and CI,"Identify immutable release artifacts by digest/version and retain evidence linking source, dependencies, SBOM/provenance where adopted, test results, approvals, and deployment. Signing and higher SLSA targets are risk-based.",MUST DECIDE,P1,STATIC GAP INDICATED,"Platform Foundation, Part 2: no immutable deployment artifact identity, artifact digest continuity, SBOM/provenance generation, signing, or deployment artifact verification was found.",CI; ARTIFACT REGISTRY; PROCESS,SUPPLY-010–013; DEPLOY-010,NOT AUDITED,
OPS-001,Operations,"Deploy frontend, API, workers, and scheduler as explicit responsibilities. API instances must be stateless for authoritative sessions, jobs, locks, uploads, and user data; shared durable services must hold cross-instance state.",MUST,P0,STATIC GAP INDICATED,Phase 1A lines 144-150 and Review 7 Parts 1-2: no worker/scheduler runtime or backend deployment configuration was found; only a frontend Vercel rewrite and README deployment notes exist.,ARCHITECTURE; CONFIG; RUNTIME,DEPLOY-002–003,NOT AUDITED,
OPS-002,Operations,"Build runtime images from trusted maintained bases using separated build/runtime stages where practical. Exclude source-control secrets, service-account files, caches, tests, and unnecessary build tools; scan and rebuild for security updates.",MUST,P0,STATIC GAP INDICATED,"Review 7 Part 2 lines 12-21: no backend/frontend Dockerfile, Compose, Procfile, .dockerignore, or runtime image definition was found.",CONTAINER IMAGE; CI,CONTAINER-001–004,NOT AUDITED,
OPS-003,Operations,"Run containers with non-root identity, least capabilities, no privileged mode or Docker socket, controlled writable paths, and CPU/memory/process limits where the platform supports them.",MUST,P0,STATIC GAP INDICATED,"No container definition exists, so non-root execution, capability restrictions, read-only filesystem, resource limits, seccomp, and writable-path controls are not represented in repository configuration.",RUNTIME CONFIG; SECURITY TEST,CONTAINER-005–010,NOT AUDITED,
OPS-004,Operations,"Use health-gated rolling deployment with old/new frontend, API, worker, webhook, job, and schema compatibility. Retain immutable prior artifacts and maintain tested rollback/forward-fix plans.",MUST,P0,STATIC GAP INDICATED,"Review 7 Part 2 lines 4-10 and 22-34: no health-gated deploy, rolling/canary strategy, release migration step, rollback configuration, or deployment concurrency control was found.",DEPLOY CONFIG; RUNTIME; EXERCISE,DEPLOY-005–010; DB-017–018,NOT AUDITED,
OPS-005,Operations,"Protect domain registrar, DNS, CDN, hosting, database, Firebase, Stripe, Cloudflare, repository, monitoring, and backup control planes with named accounts, MFA, least privilege, recovery ownership, and offboarding.",MUST,P0,EXTERNAL EVIDENCE REQUIRED,"Phase 1A general repository inventory line 231: DNS, TLS, CDN, WAF, security monitoring NOT REPOSITORY-VERIFIABLE | Platform and Operational Foundation, Part 2 line 126: Monitoring, alerting, backups, and deployed provider health cannot be inferred from provider dashboards because dashboards were not inspected. prompt restrictions; monitoring/backup searches NOT REPOSITORY-VERIFIABLE",PROVIDER; ACCESS REVIEW,DEPLOY-011; SECRET-007–010; EXT-001–012,NOT AUDITED,
OPS-006,Operations,"Store production secrets in a managed/platform secret store or equivalently controlled runtime injection. Never use source control, frontend bundles, Docker ARG/ENV build layers, logs, tickets, or shared files as secret stores.",MUST,P0,EXTERNAL EVIDENCE REQUIRED,Phase 1A general repository inventory line 158: Actual production env values NOT REPOSITORY-VERIFIABLE Secret/runtime environment not inspected | Phase 1A general repository inventory line 232: Secret rotation and production secret-manager configuration NOT REPOSITORY-VERIFIABLE,CONFIG; IMAGE/BUNDLE SCAN; PROVIDER,SECRET-001–003; FESEC-001–002; CONTAINER-003,NOT AUDITED,
OPS-007,Operations,"Maintain a secret inventory with owner, scope, dependent systems, storage, rotation/revocation procedure, emergency response, and safe overlap where supported. Prefer short-lived workload identity and OIDC over long-lived keys.",MUST,P0,PROCESS / EXTERNAL EVIDENCE REQUIRED,Phase 1A general repository inventory line 232: Secret rotation and production secret-manager configuration NOT REPOSITORY-VERIFIABLE,PROCESS; PROVIDER; EXERCISE,SECRET-004–010; FBAUTH-026; TST-015,NOT AUDITED,
OPS-008,Operations,"Centralize structured frontend, API, worker, database, provider, and edge logs with release/environment/request/job/event context, restricted access, redaction, loss detection, and policy-driven retention.",MUST,P0,STATIC GAP INDICATED,"Phase 1A lines 171-177 and Review 7 Part 1 lines 215-231: only Alembic and scattered module logging exist; no centralized structured application log pipeline, access-log context, redaction filter, or aggregation provider was found.",CONFIG; PROVIDER; RUNTIME,OBS-001–004; API-M15; ADM-006,NOT AUDITED,
OPS-009,Operations,"Measure API traffic/errors/latency, database pool/query/lock/storage health, worker backlog, payment/webhook/refund/reconciliation outcomes, upload/storage divergence, authentication failures, deployment health, and backup success.",MUST,P0,STATIC GAP INDICATED,"Phase 1A line 177 and Review 7 monitoring inventory: no application metrics, worker metrics, payment/reconciliation metrics, storage metrics, tracing, or monitoring integration was found.",METRICS; DASHBOARD; RUNTIME,OBS-005–010,NOT AUDITED,
OPS-010,Operations,"Keep metric labels and telemetry attributes bounded and privacy-safe. Full distributed tracing is conditional, but request/job/payment correlation must be possible without raw credentials or high-cardinality personal data.",MUST DECIDE,P1,STATIC GAP INDICATED,"Review 7 Part 1 lines 224-227: no request IDs, structured logging, centralized redaction, or bounded telemetry architecture was found.",CONFIG; TELEMETRY REVIEW,OBS-011–013; API-030–033,NOT AUDITED,
OPS-011,Operations,"Create dashboards and symptom-based alerts tied to user, financial, and data outcomes. Derive thresholds from normal behavior, capacity, provider quotas, and recovery needs; test alert delivery and control maintenance suppression.",MUST,P0,STATIC GAP INDICATED,"Review 7 Part 2 monitoring inventory: no dashboards, uptime checks, alert routing, alert thresholds, or runbook-linked alert configuration was found in the repository.",DASHBOARD; ALERT TEST; PROCESS,OBS-014–018,NOT AUDITED,
OPS-012,Operations,"Define service indicators and internal objectives for availability, latency, correctness, payment reliability, worker delay, and data freshness. Formal public SLA, tracing, and complex synthetic journeys are context-dependent.",MUST DECIDE,P1,PROCESS / EXTERNAL EVIDENCE REQUIRED,"Platform and Operational Foundation, Part 2 line 58: OpenTelemetry/tracing None found None None None None targeted search NOT FOUND IN SUBSYSTEM | Platform and Operational Foundation, Part 2 line 138: Any earlier implication of global security headers/request IDs/tracing No global middleware/config for security headers, request correlation, tracing, or request logging was found. middleware/logging/tracing searches NOT FOUND IN SUBSYSTEM",PROCESS; METRICS,OBS-014–018,NOT AUDITED,
OPS-013,Operations,"Subscribe to provider status and security notifications and correlate them with internal signals. Define degraded behavior for Firebase, Stripe, R2, PostgreSQL, hosting, DNS, and CDN outages.",MUST,P1,EXTERNAL EVIDENCE REQUIRED,"Phase 1A general repository inventory line 231: DNS, TLS, CDN, WAF, security monitoring NOT REPOSITORY-VERIFIABLE | Phase 1A general repository inventory line 226: Production hosting/provider settings NOT REPOSITORY-VERIFIABLE",PROVIDER; RUNBOOK; EXERCISE,IR-004–008; EXT-001–012,NOT AUDITED,
OPS-014,Operations,"Maintain scaled incident response with severity, roles, containment, evidence preservation, recovery, reconciliation, communication, post-incident review, owners, and tracked actions.",MUST,P0,PROCESS / EXTERNAL EVIDENCE REQUIRED,"Phase 1A general repository inventory line 233: On-call, incident response, SLOs, runbooks, status page NOT REPOSITORY-VERIFIABLE",PROCESS; EXERCISE,"IR-001–003, 009–012",NOT AUDITED,
OPS-015,Operations,"Maintain runbooks for API/DB outage, connection exhaustion, failed deployment/migration, worker backlog/dead letters, Stripe webhook/payment mismatch, R2 upload/credential failure, Firebase outage, secret compromise, certificate expiry, backup failure, and restore.",MUST,P0,PROCESS / EXTERNAL EVIDENCE REQUIRED,"Phase 1A general repository inventory line 228: Stripe webhook dashboard endpoint and enabled events NOT REPOSITORY-VERIFIABLE | Phase 1A general repository inventory line 233: On-call, incident response, SLOs, runbooks, status page NOT REPOSITORY-VERIFIABLE",PROCESS; EXERCISE,IR-004–012,NOT AUDITED,
OPS-016,Operations,"Model capacity and cost across API, database connections/storage, worker throughput, provider quotas, R2 requests/storage, logs/metrics, CI, and backups. Load-test critical peaks and alert before hard limits or budget surprises.",MUST DECIDE,P1,PROCESS / EXTERNAL EVIDENCE REQUIRED,"Phase 1A general repository inventory line 239: Are backups, alerting, logs, and webhook endpoints configured outside the repo? NOT REPOSITORY-VERIFIABLE | Phase 1A general repository inventory line 227: Production database backups, HA, restore tests, retention NOT REPOSITORY-VERIFIABLE",LOAD TEST; PROVIDER; PROCESS,DEPLOY-012; OBS-005–010,NOT AUDITED,
OPS-017,Operations,"Enable protected automated PostgreSQL backups with encryption, access restriction, monitored completion, retention decision, and separately protected backup credentials.",MUST,P0,EXTERNAL EVIDENCE REQUIRED,"Phase 1A general repository inventory line 227: Production database backups, HA, restore tests, retention NOT REPOSITORY-VERIFIABLE | Phase 1A general repository inventory line 230: R2 bucket permissions, lifecycle, retention, public access NOT REPOSITORY-VERIFIABLE",PROVIDER; CONFIG,RECOVERY-001–004,NOT AUDITED,
OPS-018,Operations,"Select RPO and RTO by business impact. Enable PITR when required by the selected RPO, and verify actual backup/WAL window, version, roles, extensions, configuration, and restore dependencies.",MUST DECIDE,P0,NEEDS OWNER DECISION,"Platform and Operational Foundation, Part 1 line 27: Backup/recovery Static search only No platform backup/restore implementation found in Part 1 scan; detailed Part 2 NOT FOUND IN SUBSYSTEM | Platform and Operational Foundation, Part 2 line 89: Database snapshots No operational snapshot config found None Business “snapshot” terms exist, but not backup config None None Backup/snapshot search NOT FOUND IN SUBSYSTEM",PROCESS; PROVIDER; RESTORE TEST,RECOVERY-001–004,NOT AUDITED,
OPS-019,Operations,"Treat backup success as unproven until an isolated restore validates decryption, database integrity, application startup, identity mapping, Stripe/R2 references, jobs, and deletion tombstones. Repeat after material backup, version, extension, or key changes.",MUST,P0,STATIC GAP INDICATED,"Phase 1A lines 224-233 and Review 7 Part 2 backup section: no repository-level backup/PITR configuration, restore procedure, or restore-test evidence was found; provider state was not inspected.",RESTORE TEST; PROCESS,RECOVERY-005–006,NOT AUDITED,
OPS-020,Operations,"Classify R2 originals and derivatives by loss tolerance and implement recovery protection for irreplaceable objects. Preserve recoverable configuration, DNS, provider settings, monitoring, infrastructure, and secret recreation procedures.",MUST DECIDE,P1,NEEDS OWNER DECISION,Phase 1A general repository inventory line 226: Production hosting/provider settings NOT REPOSITORY-VERIFIABLE | Phase 1A general repository inventory line 229: Firebase project settings and auth-provider configuration NOT REPOSITORY-VERIFIABLE,PROVIDER; BACKUP; EXERCISE,RECOVERY-007–012,NOT AUDITED,
OPS-021,Operations,"Run tabletop and technical recovery exercises for restore, deployment rollback, secret compromise, webhook outage, worker backlog, provider outage, user-deletion failure, and domain/control-plane recovery.",MUST DECIDE,P1,PROCESS / EXTERNAL EVIDENCE REQUIRED,Phase 1A general repository inventory line 232: Secret rotation and production secret-manager configuration NOT REPOSITORY-VERIFIABLE,EXERCISE; PROCESS,RECOVERY-013–014; IR-001–012,NOT AUDITED,
OPS-022,Operations,"Approve data-purpose and retention schedules for accounts, profiles, games, bookings, messages, notices, payments, images, moderation, audit, logs, metrics, backups, exports, and test data. Do not retain indefinitely by default.",MUST DECIDE,P1,NEEDS OWNER DECISION,"Database Foundation and Migrations, Part 1 line 18: Models All 58 current backend/models/*.py source files were listed and statically scanned; representative files were line-inspected, including users, games, bookings, participants, payments, refunds, credits, Need a Sub, platform notices, notifications, venue/images, admin/audit/review/support mo... | Platform and Operational Foundation, Part 2 line 93: Audit retention None found as operational retention setting None Admin audit/business tables may exist, but no retention policy/config located None None retention search NOT FOUND IN SUBSYSTEM",PROCESS; CONFIG,DATA-001–004; ADM-008,NOT AUDITED,
OPS-023,Operations,"Implement account deletion, data access, correction, and export as authenticated, durable, retryable workflows across Firebase, PostgreSQL, Stripe references, R2, jobs, logs, and backups. Prevent cross-user exports and reapply deletion/anonymization after restore.",MUST,P0,MIXED / PARTIAL STATIC EVIDENCE,"Venues/Images/Storage, Part 1 line 228: User deletion and avatars account deletion clears URL field User.profile_photo_url no shared storage delete found outside subsystem details N/A no shared storage worker backend/models/user_model.py:129; account deletion touchpoint CONFIRMED | Venues/Images/Storage, Part 1 line 256: Object deletion status none no object deletion model/helper found none R2 service inventory NOT FOUND IN SUBSYSTEM",CODE; JOB; RUNTIME; RESTORE TEST,DATA-005–010; ACCOUNT-009–016,NOT AUDITED,
OPS-024,Operations,"Do not copy production data into development or test without approved minimization/anonymization. Use synthetic data, separate provider modes, restricted dumps, cleanup, retention, and access controls.",MUST,P0,PROCESS / EXTERNAL EVIDENCE REQUIRED,"Phase 1A general repository inventory line 227: Production database backups, HA, restore tests, retention NOT REPOSITORY-VERIFIABLE | Phase 1A general repository inventory line 226: Production hosting/provider settings NOT REPOSITORY-VERIFIABLE",PROCESS; ACCESS REVIEW; TEST CONFIG,DATA-011–012; TEST-017–019,NOT AUDITED,
OPS-025,Operations,"Complete provider-dashboard verification for hosting, Firebase/Google Cloud, Stripe, Cloudflare/R2, PostgreSQL, DNS, repository, monitoring, and backups. Record safe configuration evidence without secret values.",MUST,P0,EXTERNAL EVIDENCE REQUIRED,"Platform and Operational Foundation, Part 2 line 83: Actual deployed secret values Not in repository inspection Not inspected or displayed External provider/dashboard state NOT REPOSITORY-VERIFIABLE | Platform and Operational Foundation, Part 2 line 12: Deployment secrets Provider dashboard/config Not in repo Not in repo Not in repo Not in repo Not in repo No provider dashboard access; no provider config files NOT REPOSITORY-VERIFIABLE",PROVIDER; CONFIG,EXT-001–012; source reports dashboard matrices,NOT AUDITED,
